bees,plants,repeat,total_trips,total_pollen_collected,avg_distance_per_bee,avg_trips_per_bee,total_plant_visits,plants_visited,visitation_rate,avg_pollen_level,pollen_per_distance,pollen_per_bee_per_step
20,10,0,4,270.0,2186.577774468895,0.2,8,3,0.3,0.73,0.006174031474036664,0.0135
20,10,1,9,505.0,1991.9952167942697,0.45,15,6,0.6,0.495,0.012675733248313207,0.02525
20,10,2,9,505.0,2155.5054183402567,0.45,15,6,0.6,0.495,0.011714189992360374,0.02525
20,10,3,19,670.0,1919.3675277605162,0.95,20,8,0.8,0.32999999999999996,0.017453666124635964,0.0335
20,10,4,7,410.0,2165.5431752643917,0.35,12,7,0.7,0.5900000000000001,0.00946644714091057,0.0205
20,10,5,8,380.0,2310.036175156891,0.4,11,7,0.7,0.62,0.008224979419947643,0.019
20,10,6,13,570.0,2053.354607327559,0.65,17,6,0.6,0.43,0.013879726326030335,0.0285
20,10,7,4,240.0,2152.3697052419975,0.2,7,5,0.5,0.76,0.005575250372078064,0.012
20,10,8,7,310.0,2092.7266374223027,0.35,9,4,0.4,0.6900000000000001,0.007406605202431974,0.0155
20,10,9,6,270.0,2159.9329477893625,0.3,8,4,0.4,0.7300000000000001,0.006250194022836178,0.0135
30,10,0,18,710.0,2123.321231025036,0.6,21,9,0.9,0.29,0.011146060389195822,0.023666666666666666
30,10,1,4,340.0,2227.0658881040436,0.13333333333333333,10,4,0.4,0.6599999999999999,0.005088907963554541,0.011333333333333334
30,10,2,13,605.0,2151.2154451427805,0.43333333333333335,18,7,0.7,0.39499999999999996,0.009374545312140117,0.020166666666666666
30,10,3,13,570.0,2013.6899710355312,0.43333333333333335,17,7,0.7,0.43,0.009435414722867857,0.019
30,10,4,12,540.0,2187.6159741310407,0.4,16,8,0.8,0.4600000000000001,0.008228135199620635,0.018
30,10,5,19,740.0,2088.1509291496745,0.6333333333333333,22,9,0.9,0.26,0.011812683806678327,0.024666666666666667
30,10,6,16,710.0,2104.0008614060966,0.5333333333333333,21,9,0.9,0.29,0.011248411110844467,0.023666666666666666
30,10,7,9,405.0,2235.2652152846795,0.3,12,6,0.6,0.595,0.0060395517756404865,0.0135
30,10,8,10,410.0,2166.6922887660057,0.3333333333333333,12,6,0.6,0.5900000000000001,0.006307617716427205,0.013666666666666667
30,10,9,4,310.0,2265.7347990648614,0.13333333333333333,9,5,0.5,0.69,0.0045606985149357375,0.010333333333333333
40,10,0,11,540.0,2257.978308654735,0.275,16,7,0.7,0.4600000000000001,0.005978799684768925,0.0135
40,10,1,7,405.0,2193.540800550369,0.175,12,6,0.6,0.595,0.004615824787694668,0.010125
40,10,2,1,210.0,2348.83085276934,0.025,6,4,0.4,0.79,0.0022351545637311846,0.00525
40,10,3,10,540.0,2176.121244124585,0.25,16,7,0.7,0.45999999999999996,0.006203698454968584,0.0135
40,10,4,13,570.0,2067.941735431724,0.325,17,7,0.7,0.43,0.006890909814257911,0.01425
40,10,5,19,875.0,2287.474996303168,0.475,26,10,1.0,0.125,0.009562946058581013,0.021875
40,10,6,7,375.0,2351.244763464553,0.175,11,7,0.7,0.625,0.003987249709462812,0.009375
40,10,7,22,770.0,2202.960678304682,0.55,23,9,0.9,0.22999999999999998,0.008738240400556808,0.01925
40,10,8,7,470.0,2253.3988631431444,0.175,14,6,0.6,0.53,0.005214345401599502,0.01175
40,10,9,17,635.0,2243.3983411230015,0.425,19,7,0.7,0.365,0.0070763179721588295,0.015875
60,10,0,8,545.0,2313.9917172877254,0.13333333333333333,16,8,0.8,0.45499999999999996,0.003925395784899388,0.009083333333333334
60,10,1,15,570.0,2185.2499728963885,0.25,17,6,0.6,0.43,0.004347328734848786,0.0095
60,10,2,2,340.0,2258.3029452554083,0.03333333333333333,10,6,0.6,0.6599999999999999,0.0025092588567765346,0.005666666666666667
60,10,3,11,635.0,2293.6907286751075,0.18333333333333332,19,7,0.7,0.365,0.004614106514458699,0.010583333333333333
60,10,4,4,270.0,2299.539334670409,0.06666666666666667,8,3,0.3,0.73,0.001956913687951757,0.0045
60,10,5,22,970.0,2272.960912812951,0.36666666666666664,29,10,1.0,0.03,0.007112602146184408,0.016166666666666666
60,10,6,18,870.0,2232.493631820556,0.3,26,9,0.9,0.13,0.006494979333121559,0.0145
60,10,7,9,470.0,2377.4279200239057,0.15,14,5,0.5,0.53,0.003294877319878773,0.007833333333333333
60,10,8,11,605.0,2806.3681530692993,0.18333333333333332,18,7,0.7,0.39499999999999996,0.003593018728603118,0.010083333333333333
60,10,9,16,740.0,2301.3601373721335,0.26666666666666666,22,8,0.8,0.26,0.00535914963201564,0.012333333333333333
70,10,0,9,605.0,2217.256027393827,0.12857142857142856,18,7,0.7,0.395,0.0038979969097281005,0.008642857142857143
70,10,1,9,535.0,2352.110505168382,0.12857142857142856,16,6,0.6,0.465,0.0032493614250109428,0.007642857142857143
70,10,2,24,970.0,2206.181547560086,0.34285714285714286,29,10,1.0,0.03,0.006281052831970282,0.013857142857142858
70,10,3,16,935.0,2190.6904371335445,0.22857142857142856,28,10,1.0,0.065,0.00609722972754667,0.013357142857142857
70,10,4,15,635.0,2134.2631786117076,0.21428571428571427,19,7,0.7,0.365,0.004250379551283521,0.00907142857142857
70,10,5,12,505.0,2238.599183064876,0.17142857142857143,15,7,0.7,0.495,0.0032226786147614888,0.007214285714285714
70,10,6,19,770.0,2227.672106298288,0.2714285714285714,23,9,0.9,0.22999999999999998,0.004937890082162337,0.011
70,10,7,9,605.0,2350.157192440754,0.12857142857142856,18,7,0.7,0.39499999999999996,0.0036775655563197076,0.008642857142857143
70,10,8,22,900.0,2190.337092818236,0.3142857142857143,27,9,0.9,0.1,0.005869937964936706,0.012857142857142857
70,10,9,7,375.0,2263.5991035951924,0.1,11,6,0.6,0.625,0.0023666482499636534,0.005357142857142857
80,10,0,17,735.0,2225.079778430433,0.2125,22,8,0.8,0.265,0.004129065433546317,0.0091875
80,10,1,16,805.0,2211.081190061461,0.2,24,9,0.9,0.195,0.004550940980923589,0.0100625
80,10,2,12,645.0,2390.146108007915,0.15,19,8,0.8,0.355,0.0033732247467999983,0.0080625
80,10,3,16,635.0,2263.172025183196,0.2,19,7,0.7,0.365,0.003507245543721974,0.0079375
80,10,4,22,835.0,2223.2498678731777,0.275,25,9,0.9,0.16499999999999998,0.004694703978543267,0.0104375
80,10,5,15,640.0,2646.158859814914,0.1875,19,8,0.8,0.36,0.0030232500858091193,0.008
80,10,6,16,705.0,2110.355718339565,0.2,21,8,0.8,0.295,0.004175836293103091,0.0088125
80,10,7,17,775.0,2218.8843986019606,0.2125,23,9,0.9,0.225,0.0043659327210123005,0.0096875
80,10,8,22,1000.0,2237.5648548540494,0.275,30,10,1.0,0.0,0.005586430253801669,0.0125
80,10,9,18,900.0,2182.415080180023,0.225,27,9,0.9,0.1,0.005154839747108057,0.01125
120,10,0,8,645.0,2245.5510688912327,0.06666666666666667,19,9,0.9,0.355,0.002393621803780205,0.005375
120,10,1,13,675.0,2195.830880017645,0.10833333333333334,20,8,0.8,0.325,0.002561672691275204,0.005625
120,10,2,29,1000.0,2219.270693193469,0.24166666666666667,30,10,1.0,0.0,0.003754987329347326,0.008333333333333333
120,10,3,21,970.0,2201.1108522369905,0.175,29,10,1.0,0.03,0.003672388114900363,0.008083333333333333
120,10,4,14,870.0,2379.2104355545484,0.11666666666666667,26,9,0.9,0.13,0.0030472294050400647,0.00725
120,10,5,12,780.0,2406.9079831341082,0.1,23,10,1.0,0.22000000000000003,0.0027005602397546383,0.0065
120,10,6,18,800.0,2369.5496423640734,0.15,24,8,0.8,0.2,0.0028134741503095953,0.006666666666666667
120,10,7,12,540.0,2304.583397340541,0.1,16,7,0.7,0.45999999999999996,0.0019526305731408726,0.0045
120,10,8,18,940.0,2277.9488630798346,0.15,28,10,1.0,0.06,0.0034387661023884894,0.007833333333333333
120,10,9,12,705.0,2296.100025907905,0.1,21,8,0.8,0.295,0.002558686439488609,0.005875
160,10,0,14,770.0,2365.9632793939063,0.0875,23,9,0.9,0.22999999999999998,0.0020340552374222935,0.0048125
160,10,1,19,910.0,2284.222059623238,0.11875,27,10,1.0,0.09,0.0024899067829412796,0.0056875
160,10,2,9,775.0,2311.9416361454682,0.05625,23,9,0.9,0.225,0.0020951004663230305,0.00484375
160,10,3,17,970.0,2249.644582953254,0.10625,29,10,1.0,0.03,0.0026948701345709306,0.0060625
160,10,4,26,1000.0,2314.8103429454877,0.1625,30,10,1.0,0.0,0.0027000052159984597,0.00625
160,10,5,27,1000.0,2386.510035876622,0.16875,30,10,1.0,0.0,0.002618886954608689,0.00625
160,10,6,23,1000.0,2329.021182233014,0.14375,30,10,1.0,0.0,0.002683530767207381,0.00625
160,10,7,25,1000.0,2385.113264287008,0.15625,30,10,1.0,0.0,0.0026204206288997097,0.00625
160,10,8,21,905.0,2278.3053588899957,0.13125,27,10,1.0,0.095,0.0024826566719554043,0.00565625
160,10,9,22,1000.0,2244.819343079117,0.1375,30,10,1.0,0.0,0.0027841884110937666,0.00625
200,10,0,25,1000.0,2636.322794791233,0.125,30,10,1.0,0.0,0.0018965811052724078,0.005
200,10,1,9,745.0,2313.9670673897485,0.045,22,10,1.0,0.255,0.0016097895482159803,0.003725
200,10,2,16,845.0,2308.05641212923,0.08,25,10,1.0,0.155,0.0018305445126024238,0.004225
200,10,3,22,935.0,2371.7726249967614,0.11,28,10,1.0,0.065,0.0019710995694650047,0.004675
200,10,4,19,970.0,2331.0676706409276,0.095,29,10,1.0,0.03,0.0020805916795484927,0.00485
200,10,5,18,770.0,2427.4226765379235,0.09,23,8,0.8,0.22999999999999998,0.001586044341272698,0.00385
200,10,6,12,770.0,2251.4526418818464,0.06,23,8,0.8,0.22999999999999998,0.0017100070986978565,0.00385
200,10,7,8,775.0,2311.8505167690246,0.04,23,9,0.9,0.225,0.0016761464341628748,0.003875
200,10,8,30,1000.0,2278.6782605171584,0.15,30,10,1.0,0.0,0.0021942544880667893,0.005
200,10,9,24,1000.0,2252.3099033847784,0.12,30,10,1.0,0.0,0.0022199431758862243,0.005
20,25,0,21,875.0,1970.2330040632528,1.05,26,10,0.4,0.65,0.022205495446362668,0.04375
20,25,1,15,570.0,2037.585730390611,0.75,17,7,0.28,0.772,0.013987141534671265,0.0285
20,25,2,11,610.0,2153.5027255820487,0.55,18,10,0.4,0.7559999999999999,0.014162972555215345,0.0305
20,25,3,23,915.0,1931.9190885522264,1.15,27,12,0.48,0.634,0.02368111598000975,0.04575
20,25,4,32,1280.0,1966.7670223330672,1.6,38,17,0.68,0.488,0.03254071238396113,0.064
20,25,5,13,605.0,2005.0204493548085,0.65,18,8,0.32,0.758,0.015087127919186104,0.03025
20,25,6,29,1045.0,1829.1560513344987,1.45,31,13,0.52,0.5820000000000001,0.028565086047130823,0.05225
20,25,7,21,875.0,1926.1263849744482,1.05,26,11,0.44,0.65,0.022713981980253276,0.04375
20,25,8,29,1080.0,1889.4689616627134,1.45,32,13,0.52,0.568,0.028579458618087358,0.054
20,25,9,19,845.0,2042.4550297107282,0.95,25,12,0.48,0.6619999999999999,0.020685889963503307,0.04225
30,25,0,26,1110.0,2036.296050560605,0.8666666666666667,33,13,0.52,0.5559999999999999,0.01817024591773562,0.037
30,25,1,30,1215.0,1957.8205582775079,1.0,36,16,0.64,0.5139999999999999,0.02068626760954637,0.0405
30,25,2,21,985.0,2028.3749363288616,0.7,29,15,0.6,0.606,0.0161870139219715,0.03283333333333333
30,25,3,21,875.0,2060.1175212055527,0.7,26,11,0.44,0.65,0.014157768363427504,0.029166666666666667
30,25,4,26,1110.0,2181.6884978214066,0.8666666666666667,33,13,0.52,0.556,0.016959341371120356,0.037
30,25,5,14,740.0,1958.6662273627169,0.4666666666666667,22,9,0.36,0.7040000000000001,0.01259360391376103,0.024666666666666667
30,25,6,27,1145.0,1983.9209180396242,0.9,34,14,0.56,0.542,0.01923799800668485,0.03816666666666667
30,25,7,34,1375.0,1971.414414533244,1.1333333333333333,41,16,0.64,0.45,0.02324895922209482,0.04583333333333333
30,25,8,23,915.0,1982.1282831955536,0.7666666666666667,27,13,0.52,0.634,0.015387500525863249,0.0305
30,25,9,23,985.0,2942.3031962167734,0.7666666666666667,29,15,0.6,0.606,0.011159058446305119,0.03283333333333333
40,25,0,24,1140.0,2071.481749851446,0.6,34,14,0.56,0.544,0.013758267482705967,0.0285
40,25,1,21,1045.0,2064.6267071370376,0.525,31,12,0.48,0.582,0.012653619131095535,0.026125
40,25,2,29,1175.0,2077.904925265222,0.725,35,15,0.6,0.53,0.014136835445563323,0.029375
40,25,3,34,1345.0,1984.7005281005997,0.85,40,17,0.68,0.462,0.016942102611410013,0.033625
40,25,4,35,1515.0,2173.559603434097,0.875,45,18,0.72,0.3940000000000001,0.017425333052822532,0.037875
40,25,5,23,1075.0,2029.3556265946768,0.575,32,14,0.56,0.5700000000000001,0.01324311995778537,0.026875
40,25,6,32,1380.0,1975.5407896758727,0.8,41,16,0.64,0.44800000000000006,0.01746357259758753,0.0345
40,25,7,19,805.0,2088.8422639372475,0.475,24,9,0.36,0.6779999999999999,0.009634523557593332,0.020125
40,25,8,22,975.0,2171.3241286532552,0.55,29,12,0.48,0.61,0.011225868896468432,0.024375
40,25,9,23,975.0,2084.208465689921,0.575,29,12,0.48,0.6100000000000001,0.011695087320322976,0.024375
60,25,0,27,1210.0,2072.2284608254836,0.45,36,14,0.56,0.516,0.009731874186610276,0.020166666666666666
60,25,1,39,1780.0,2037.7896640464692,0.65,53,21,0.84,0.28800000000000003,0.014558257503258273,0.029666666666666668
60,25,2,30,1140.0,2067.356574905813,0.5,34,13,0.52,0.544,0.009190480360585897,0.019
60,25,3,22,985.0,2142.745215051678,0.36666666666666664,29,15,0.6,0.606,0.007661511294645797,0.016416666666666666
60,25,4,38,1715.0,2088.333901100569,0.6333333333333333,51,22,0.88,0.314,0.013687147116785148,0.028583333333333332
60,25,5,45,1880.0,2046.2560366057012,0.75,56,22,0.88,0.24799999999999997,0.015312518459473233,0.03133333333333333
60,25,6,36,1480.0,2300.302753403726,0.6,44,18,0.72,0.408,0.010723226162368298,0.024666666666666667
60,25,7,36,1680.0,2099.4589090569093,0.6,50,19,0.76,0.32799999999999996,0.013336769716811359,0.028
60,25,8,38,1445.0,2073.473436796946,0.6333333333333333,43,17,0.68,0.42200000000000004,0.011614970756768756,0.024083333333333335
60,25,9,26,1275.0,2034.842128187855,0.43333333333333335,38,15,0.6,0.49,0.010443070597778688,0.02125
70,25,0,29,1205.0,2168.257718891545,0.4142857142857143,36,13,0.52,0.518,0.007939224919759994,0.017214285714285713
70,25,1,25,1215.0,2094.474806803121,0.35714285714285715,36,15,0.6,0.514,0.008287109876311068,0.017357142857142856
70,25,2,28,1615.0,2068.4402290859994,0.4,48,18,0.72,0.354,0.01115402236284263,0.023071428571428573
70,25,3,37,1505.0,2045.5998777492525,0.5285714285714286,45,17,0.68,0.39799999999999996,0.010510364335598307,0.0215
70,25,4,20,1045.0,2121.7761653777793,0.2857142857142857,31,13,0.52,0.5820000000000001,0.0070358842144470106,0.014928571428571428
70,25,5,39,1615.0,2071.415803711767,0.5571428571428572,48,18,0.72,0.35400000000000004,0.011137999686053817,0.023071428571428573
70,25,6,28,1315.0,2199.0767304062365,0.4,39,17,0.68,0.474,0.008542546072161835,0.018785714285714284
70,25,7,44,1880.0,2178.364242849149,0.6285714285714286,56,23,0.92,0.24799999999999997,0.012329041364549568,0.026857142857142857
70,25,8,49,1985.0,2022.9525322683396,0.7,59,23,0.92,0.20600000000000002,0.014017700566283655,0.02835714285714286
70,25,9,22,1110.0,2339.53752099689,0.3142857142857143,33,13,0.52,0.556,0.006777896364058328,0.015857142857142858
80,25,0,38,1580.0,2144.724327626879,0.475,47,19,0.76,0.368,0.009208642689223013,0.01975
80,25,1,44,1875.0,2354.5735032155126,0.55,56,20,0.8,0.25,0.009954032001121512,0.0234375
80,25,2,53,2115.0,2068.932699942964,0.6625,63,24,0.96,0.154,0.012778327685926575,0.0264375
80,25,3,34,1515.0,2182.5564662569727,0.425,45,19,0.76,0.39399999999999996,0.008676751457650633,0.0189375
80,25,4,39,1645.0,2393.2278133850195,0.4875,49,19,0.76,0.342,0.008591952627742561,0.0205625
80,25,5,39,1710.0,2156.856401409251,0.4875,51,19,0.76,0.316,0.009910256420424634,0.021375
80,25,6,40,1855.0,2215.181669042966,0.5,55,24,0.96,0.258,0.01046753876851003,0.0231875
80,25,7,37,1645.0,2205.2843066542932,0.4625,49,18,0.72,0.342,0.009324194589311715,0.0205625
80,25,8,33,1475.0,2152.5383022831284,0.4125,44,17,0.68,0.41,0.008565468953766786,0.0184375
80,25,9,37,1585.0,2196.4165609067027,0.4625,47,21,0.84,0.36599999999999994,0.00902037452850984,0.0198125
120,25,0,48,2075.0,2043.9173542979888,0.4,62,23,0.92,0.17,0.008460061572599997,0.017291666666666667
120,25,1,37,1745.0,2273.254388223289,0.30833333333333335,52,21,0.84,0.30200000000000005,0.006396849706746643,0.014541666666666666
120,25,2,34,1715.0,2250.8174748639694,0.2833333333333333,51,19,0.76,0.314,0.006349544921464767,0.014291666666666666
120,25,3,14,1210.0,2236.1997334175785,0.11666666666666667,36,14,0.56,0.5159999999999999,0.004509138062512421,0.010083333333333333
120,25,4,61,2400.0,2044.0593642846322,0.5083333333333333,72,24,0.96,0.04,0.009784451640424583,0.02
120,25,5,45,1775.0,2241.534583909693,0.375,53,20,0.8,0.29,0.006598901829507794,0.014791666666666667
120,25,6,31,1475.0,2133.5044525534627,0.25833333333333336,44,18,0.72,0.41,0.005761256627308892,0.012291666666666666
120,25,7,36,1535.0,2214.863443980379,0.3,46,16,0.64,0.386,0.0057753748663071005,0.012791666666666666
120,25,8,39,1910.0,2091.5360817905103,0.325,57,21,0.84,0.236,0.0076100368553244455,0.015916666666666666
120,25,9,49,2175.0,2215.431912495029,0.4083333333333333,65,23,0.92,0.13,0.008181248946435708,0.018125
160,25,0,37,1850.0,2068.9865109222183,0.23125,55,23,0.92,0.26,0.005588484960613009,0.0115625
160,25,1,50,2045.0,2177.6252605917543,0.3125,61,23,0.92,0.182,0.0058693523772436335,0.01278125
160,25,2,49,1980.0,2220.504813579374,0.30625,59,22,0.88,0.20800000000000002,0.005573057047353095,0.012375
160,25,3,40,1680.0,2099.8954330435636,0.25,50,19,0.76,0.32800000000000007,0.005000248981341621,0.0105
160,25,4,44,1775.0,2472.9338761837444,0.275,53,20,0.8,0.29,0.004486068190840583,0.01109375
160,25,5,35,1910.0,2265.049025183534,0.21875,57,22,0.88,0.23600000000000002,0.005270305352014498,0.0119375
160,25,6,40,1950.0,2149.1808429824237,0.25,58,23,0.92,0.22,0.005670765231225203,0.0121875
160,25,7,37,1805.0,2135.5766870957127,0.23125,54,20,0.8,0.27799999999999997,0.005282530975435018,0.01128125
160,25,8,39,1575.0,2223.3554635040805,0.24375,47,17,0.68,0.37,0.004427429694254076,0.00984375
160,25,9,49,2240.0,2184.756710454528,0.30625,67,23,0.92,0.10400000000000001,0.006408036159361364,0.014
200,25,0,31,1740.0,2302.0536066792915,0.155,52,20,0.8,0.304,0.0037792343213717493,0.0087
200,25,1,30,1755.0,2381.890133371476,0.15,52,21,0.84,0.298,0.0036840490151320775,0.008775
200,25,2,34,1445.0,2229.7357764033572,0.17,43,19,0.76,0.42199999999999993,0.003240294243138611,0.007225
200,25,3,50,2080.0,2287.571861417023,0.25,62,24,0.96,0.168,0.004546305266037755,0.0104
200,25,4,30,1545.0,2215.9487654051277,0.15,46,18,0.72,0.38199999999999995,0.00348609142982044,0.007725
200,25,5,55,2370.0,2215.6492010846905,0.275,71,24,0.96,0.052000000000000005,0.005348319577936222,0.01185
200,25,6,32,1910.0,2151.4993695423764,0.16,57,21,0.84,0.23600000000000002,0.0044387649539638415,0.00955
200,25,7,52,2370.0,2206.782998062124,0.26,71,24,0.96,0.052000000000000005,0.005369807548094226,0.01185
200,25,8,37,1945.0,2268.9509719631474,0.185,58,22,0.88,0.222,0.004286121701248446,0.009725
200,25,9,32,1850.0,2226.068066251743,0.16,55,22,0.88,0.26,0.004155308698882315,0.00925
20,50,0,24,910.0,1854.1627987727566,1.2,27,12,0.24,0.818,0.02453937703319028,0.0455
20,50,1,23,1080.0,1961.672515718755,1.15,32,15,0.3,0.784,0.027527530496197248,0.054
20,50,2,38,1580.0,1717.1146263575422,1.9,47,20,0.4,0.6839999999999999,0.046007411961529944,0.079
20,50,3,29,1210.0,2028.9829305261133,1.45,36,15,0.3,0.7580000000000001,0.029817895010241614,0.0605
20,50,4,18,675.0,1991.2765752750079,0.9,20,8,0.16,0.865,0.016948926341554996,0.03375
20,50,5,45,1715.0,1624.7946998977127,2.25,51,21,0.42,0.657,0.05277589839836276,0.08575
20,50,6,34,1460.0,1813.313657888173,1.7,43,21,0.42,0.708,0.04025778975547864,0.073
20,50,7,21,880.0,2057.2156517144404,1.05,26,11,0.22,0.8240000000000001,0.021388132043099774,0.044
20,50,8,31,1325.0,1794.374650311162,1.55,39,20,0.4,0.735,0.036920940667831886,0.06625
20,50,9,16,715.0,1992.6282549875766,0.8,21,11,0.22,0.857,0.01794112871305385,0.03575
30,50,0,33,1375.0,1871.086833702151,1.1,41,16,0.32,0.725,0.024495567232786862,0.04583333333333333
30,50,1,39,1650.0,1860.9553579777182,1.3,49,21,0.42,0.67,0.029554712188135428,0.055
30,50,2,53,2225.0,1837.4822058441687,1.7666666666666666,66,27,0.54,0.555,0.04036320266437264,0.07416666666666667
30,50,3,44,1710.0,1866.9795888347232,1.4666666666666666,51,19,0.38,0.6579999999999999,0.03053059623194734,0.057
30,50,4,21,945.0,1947.0872474763241,0.7,28,13,0.26,0.811,0.01617801156102689,0.0315
30,50,5,38,1450.0,1881.3486170451972,1.2666666666666666,43,19,0.38,0.71,0.025690790582579295,0.04833333333333333
30,50,6,38,1475.0,1880.5226240679265,1.2666666666666666,44,17,0.34,0.705,0.026145214121545562,0.049166666666666664
30,50,7,42,1725.0,1842.49636134073,1.4,51,21,0.42,0.655,0.031207660002193414,0.0575
30,50,8,36,1580.0,1743.3868961147584,1.2,47,20,0.4,0.684,0.03020939688375396,0.05266666666666667
30,50,9,33,1180.0,2114.133984371054,1.1,35,14,0.28,0.764,0.018604938771198475,0.03933333333333333
40,50,0,64,2550.0,1789.9370508083532,1.6,76,28,0.56,0.49,0.035615777644923255,0.06375
40,50,1,54,2155.0,1923.1859137702784,1.35,64,25,0.5,0.5690000000000001,0.028013412335358485,0.053875
40,50,2,51,2055.0,2153.3405446424977,1.275,61,25,0.5,0.589,0.02385827923401191,0.051375
40,50,3,34,1310.0,2008.4379043365566,0.85,39,15,0.3,0.7380000000000001,0.01630620490147453,0.03275
40,50,4,46,1745.0,1892.1206297257918,1.15,52,20,0.4,0.6509999999999999,0.023056140985219416,0.043625
40,50,5,56,2145.0,1818.347411344471,1.4,64,25,0.5,0.5710000000000001,0.029491064064787333,0.053625
40,50,6,59,2410.0,1946.973796880126,1.475,72,26,0.52,0.518,0.030945460127170657,0.06025
40,50,7,34,1420.0,1998.3784784414318,0.85,42,18,0.36,0.716,0.017764402680961133,0.0355
40,50,8,57,2245.0,1934.5575945339654,1.425,67,26,0.52,0.5509999999999999,0.029011801022920957,0.056125
40,50,9,47,1775.0,2040.3936623219765,1.175,53,21,0.42,0.645,0.021748254182235142,0.044375
60,50,0,60,2555.0,1908.7212344023785,1.0,76,30,0.6,0.48900000000000005,0.022309875620295173,0.042583333333333334
60,50,1,46,2120.0,1933.009514005635,0.7666666666666667,63,26,0.52,0.5760000000000001,0.018278923656260045,0.035333333333333335
60,50,2,44,2020.0,2121.472678508931,0.7333333333333333,60,24,0.48,0.596,0.015869479257366235,0.033666666666666664
60,50,3,73,3055.0,1952.9550580282842,1.2166666666666666,91,39,0.78,0.389,0.026071601830956855,0.050916666666666666
60,50,4,44,1845.0,2030.0775518278517,0.7333333333333333,55,23,0.46,0.631,0.015147204584530852,0.03075
60,50,5,80,3285.0,1906.9195777502653,1.3333333333333333,98,37,0.74,0.34299999999999997,0.028711226545061037,0.05475
60,50,6,68,2725.0,1841.977090385259,1.1333333333333333,81,34,0.68,0.4549999999999999,0.024656477490264297,0.04541666666666667
60,50,7,54,2275.0,1987.545109322595,0.9,68,25,0.5,0.545,0.019077135149697114,0.03791666666666667
60,50,8,45,1850.0,2147.395035958906,0.75,55,22,0.44,0.63,0.014358482168868801,0.030833333333333334
60,50,9,71,2925.0,2129.0302162688586,1.1833333333333333,87,35,0.7,0.415,0.022897749232246568,0.04875
70,50,0,61,2560.0,1999.6684642359457,0.8714285714285714,76,31,0.62,0.488,0.018288745972399063,0.036571428571428574
70,50,1,56,2250.0,1969.5257817643574,0.8,67,27,0.54,0.55,0.01632009971154714,0.03214285714285714
70,50,2,42,1850.0,2066.606908088667,0.6,55,23,0.46,0.63,0.012788388215064228,0.02642857142857143
70,50,3,50,2085.0,2344.1916634648132,0.7142857142857143,62,26,0.52,0.583,0.012706177037456808,0.029785714285714287
70,50,4,59,2380.0,1998.5351277439822,0.8428571428571429,71,28,0.56,0.524,0.017012460540726353,0.034
70,50,5,72,3160.0,1892.0105951948478,1.0285714285714285,94,38,0.76,0.368,0.02385972745475462,0.045142857142857144
70,50,6,53,2145.0,1893.0562297066288,0.7571428571428571,64,24,0.48,0.5710000000000001,0.016186976732120596,0.030642857142857142
70,50,7,71,2990.0,1916.6696788152576,1.0142857142857142,89,34,0.68,0.40199999999999997,0.022285679262526083,0.04271428571428571
70,50,8,45,2010.0,2052.804780763637,0.6428571428571429,60,22,0.44,0.5980000000000001,0.013987830690653442,0.028714285714285713
70,50,9,37,1820.0,2030.2771179744907,0.5285714285714286,54,22,0.44,0.6359999999999999,0.01280613359123061,0.026
80,50,0,51,2285.0,2055.653005630413,0.6375,68,28,0.56,0.5429999999999999,0.013894611552517666,0.0285625
80,50,1,71,3165.0,1944.9901391629478,0.8875,94,37,0.74,0.36699999999999994,0.020340720090759042,0.0395625
80,50,2,71,2950.0,1977.6322803378657,0.8875,88,33,0.66,0.41,0.018646034637794313,0.036875
80,50,3,72,2920.0,1956.9575354913954,0.9,87,35,0.7,0.41600000000000004,0.018651401135709768,0.0365
80,50,4,56,2755.0,2026.085607933953,0.7,82,34,0.68,0.4489999999999999,0.016997060669670678,0.0344375
80,50,5,54,2110.0,2030.5026600722238,0.675,63,24,0.48,0.578,0.012989394458149518,0.026375
80,50,6,76,3265.0,1910.067718228355,0.95,97,39,0.78,0.34699999999999986,0.02136704348778525,0.0408125
80,50,7,67,2955.0,2020.803849256994,0.8375,88,35,0.7,0.409,0.018278617201556262,0.0369375
80,50,8,64,2585.0,1944.2582659304003,0.8,77,31,0.62,0.483,0.016619448437595948,0.0323125
80,50,9,52,2280.0,2152.7977521025155,0.65,68,26,0.52,0.544,0.013238586844568035,0.0285
120,50,0,59,2620.0,2141.521609873734,0.49166666666666664,78,31,0.62,0.4759999999999999,0.010195243061133829,0.021833333333333333
120,50,1,89,3385.0,2021.2717384841137,0.7416666666666667,101,39,0.78,0.32299999999999995,0.013955735290935517,0.028208333333333332
120,50,2,91,3890.0,2000.8709111434925,0.7583333333333333,116,45,0.9,0.22200000000000003,0.016201278396386215,0.03241666666666667
120,50,3,102,3985.0,2026.6813236161568,0.85,119,43,0.86,0.203,0.01638557228823747,0.03320833333333333
120,50,4,59,2615.0,2123.515328521433,0.49166666666666664,78,30,0.6,0.47700000000000004,0.010262071751485698,0.021791666666666668
120,50,5,29,1675.0,2113.3617285051487,0.24166666666666667,50,18,0.36,0.665,0.006604800846472472,0.013958333333333333
120,50,6,90,3890.0,2035.1417913007658,0.75,116,42,0.84,0.222,0.015928456093443726,0.03241666666666667
120,50,7,89,3655.0,1981.4725270300426,0.7416666666666667,109,44,0.88,0.269,0.015371564792263977,0.030458333333333334
120,50,8,43,2595.0,2162.6783537266842,0.35833333333333334,77,33,0.66,0.4809999999999999,0.009999175310899206,0.021625
120,50,9,45,2185.0,2136.222514403216,0.375,65,26,0.52,0.563,0.008523612690422417,0.018208333333333333
160,50,0,74,3395.0,2167.198677313315,0.4625,101,40,0.8,0.321,0.00979086514869277,0.02121875
160,50,1,72,3180.0,2186.337190040707,0.45,95,35,0.7,0.36400000000000005,0.009090546549971988,0.019875
160,50,2,45,2330.0,2219.2341410527706,0.28125,69,31,0.62,0.534,0.006561948435549831,0.0145625
160,50,3,51,2715.0,2169.977746625397,0.31875,81,31,0.62,0.45699999999999996,0.007819780652768747,0.01696875
160,50,4,82,3430.0,2158.2082729862727,0.5125,102,43,0.86,0.314,0.009933007980892099,0.0214375
160,50,5,69,3040.0,2129.570350297699,0.43125,91,33,0.66,0.392,0.008921987478527738,0.019
160,50,6,75,3425.0,2201.7101262200463,0.46875,102,41,0.82,0.315,0.00972255600093497,0.02140625
160,50,7,74,3150.0,2105.58448873027,0.4625,94,36,0.72,0.37,0.009350135368765063,0.0196875
160,50,8,59,2825.0,2054.5814734682726,0.36875,84,33,0.66,0.435,0.008593599342738673,0.01765625
160,50,9,57,2725.0,2618.815930867271,0.35625,81,32,0.64,0.455,0.0065034162192375905,0.01703125
200,50,0,81,3730.0,2157.49537495784,0.405,111,44,0.88,0.254,0.008644282725456337,0.01865
200,50,1,91,3620.0,2123.9520326969296,0.455,108,42,0.84,0.276,0.00852184970345925,0.0181
200,50,2,45,2755.0,2216.289725848766,0.225,82,33,0.66,0.449,0.006215342623909258,0.013775
200,50,3,56,2520.0,2134.448009789007,0.28,75,30,0.6,0.49599999999999994,0.005903165568903,0.0126
200,50,4,60,2855.0,2065.1432479401287,0.3,85,35,0.7,0.429,0.00691235342354026,0.014275
200,50,5,57,2850.0,2124.14475592431,0.285,85,34,0.68,0.43,0.006708582341319384,0.01425
200,50,6,69,3270.0,2146.743988581775,0.345,97,41,0.82,0.34600000000000003,0.0076161852959474065,0.01635
200,50,7,74,3015.0,2133.455706819728,0.37,90,33,0.66,0.39699999999999996,0.0070660009260149126,0.015075
200,50,8,93,3745.0,2029.6137389584253,0.465,112,42,0.84,0.251,0.009225893400588358,0.018725
200,50,9,67,3085.0,2138.951742420153,0.335,92,35,0.7,0.38299999999999995,0.0072114763947629425,0.015425
20,75,0,37,1650.0,1731.053971601786,1.85,49,20,0.26666666666666666,0.78,0.0476588259831441,0.0825
20,75,1,44,1790.0,1806.5098137040852,2.2,53,26,0.3466666666666667,0.7613333333333333,0.04954304666437894,0.0895
20,75,2,40,1515.0,1813.3298986267862,2.0,45,19,0.25333333333333335,0.798,0.04177397618456774,0.07575
20,75,3,46,1680.0,1703.7605899100224,2.3,50,20,0.26666666666666666,0.776,0.049302701622201586,0.084
20,75,4,27,1115.0,1766.2144524081946,1.35,33,15,0.2,0.8513333333333334,0.0315646833961675,0.05575
20,75,5,45,1675.0,1700.256395414574,2.25,50,19,0.25333333333333335,0.7766666666666666,0.04925727685886999,0.08375
20,75,6,30,1280.0,1952.430666398696,1.5,38,17,0.22666666666666666,0.8293333333333334,0.03277965312747801,0.064
20,75,7,43,1785.0,1757.2670671620886,2.15,53,21,0.28,0.762,0.05078909271550564,0.08925
20,75,8,41,1585.0,1672.058430159869,2.05,47,19,0.25333333333333335,0.7886666666666666,0.04739666902216015,0.07925
20,75,9,37,1345.0,2000.7043259088107,1.85,40,17,0.22666666666666666,0.8206666666666668,0.03361316268932042,0.06725
30,75,0,30,1110.0,2307.4773928076975,1.0,33,13,0.17333333333333334,0.8520000000000001,0.016034826653265305,0.037
30,75,1,57,2255.0,1680.2886853926082,1.9,67,29,0.38666666666666666,0.6993333333333333,0.044734376491444135,0.07516666666666667
30,75,2,20,1045.0,2122.3775164759722,0.6666666666666666,31,13,0.17333333333333334,0.8606666666666666,0.016412411582257584,0.034833333333333334
30,75,3,55,2125.0,1779.4869684286334,1.8333333333333333,63,26,0.3466666666666667,0.7166666666666666,0.039805480225506985,0.07083333333333333
30,75,4,41,1640.0,2025.4163202401853,1.3666666666666667,49,18,0.24,0.7813333333333332,0.026990335823987036,0.05466666666666667
30,75,5,46,1915.0,1743.9480528213742,1.5333333333333334,57,23,0.30666666666666664,0.7446666666666667,0.0366027722156421,0.06383333333333334
30,75,6,60,2385.0,1695.0416265706765,2.0,71,27,0.36,0.6819999999999999,0.0469015030390967,0.0795
30,75,7,48,1815.0,1873.0909993872224,1.6,54,22,0.29333333333333333,0.758,0.032299551927691954,0.0605
30,75,8,50,2080.0,2043.2752122508089,1.6666666666666667,62,26,0.3466666666666667,0.7226666666666666,0.03393244968550168,0.06933333333333333
30,75,9,60,2520.0,1770.5690209549964,2.0,75,31,0.41333333333333333,0.664,0.04744237530751143,0.084
40,75,0,54,2080.0,1809.2988933699132,1.35,62,24,0.32,0.7226666666666666,0.028740414417181948,0.052
40,75,1,64,2380.0,1807.8936264654567,1.6,71,26,0.3466666666666667,0.6826666666666668,0.032911228364871314,0.0595
40,75,2,39,1650.0,3503.9653676243493,0.975,49,23,0.30666666666666664,0.78,0.011772376628244775,0.04125
40,75,3,69,2550.0,1850.7088681840294,1.725,76,30,0.4,0.66,0.034446260617183616,0.06375
40,75,4,39,1715.0,1918.0815766542128,0.975,51,21,0.28,0.7713333333333333,0.022353063874785032,0.042875
40,75,5,51,2150.0,1949.5609528326895,1.275,64,26,0.3466666666666667,0.7133333333333334,0.027570310085407626,0.05375
40,75,6,77,3130.0,1723.2090080452974,1.925,93,38,0.5066666666666667,0.5826666666666666,0.045409465499929115,0.07825
40,75,7,47,1880.0,1919.7704545593347,1.175,56,21,0.28,0.7493333333333334,0.024482093621337873,0.047
40,75,8,65,2730.0,1697.0014442996348,1.625,81,36,0.48,0.636,0.04021799759172703,0.06825
40,75,9,40,1645.0,1966.6724801177375,1.0,49,21,0.28,0.7806666666666666,0.020910955136534987,0.041125
60,75,0,63,2720.0,1923.4072853257628,1.05,81,32,0.4266666666666667,0.6373333333333333,0.023569284404397657,0.04533333333333334
60,75,1,81,3155.0,1913.9905280998314,1.35,94,36,0.48,0.5793333333333334,0.027473141878887424,0.052583333333333336
60,75,2,78,3255.0,1883.927646371413,1.3,97,38,0.5066666666666667,0.566,0.02879622267048822,0.05425
60,75,3,60,2450.0,1909.442704470414,1.0,73,28,0.37333333333333335,0.6733333333333333,0.021384948203857473,0.04083333333333333
60,75,4,83,3420.0,1906.6298317181268,1.3833333333333333,102,40,0.5333333333333333,0.544,0.029895682450659777,0.057
60,75,5,70,2825.0,1854.1979178652116,1.1666666666666667,84,37,0.49333333333333335,0.6233333333333333,0.02539283044149982,0.04708333333333333
60,75,6,56,2240.0,2073.456641226993,0.9333333333333333,67,24,0.32,0.7013333333333334,0.018005360030697765,0.037333333333333336
60,75,7,39,1615.0,2410.6390300563926,0.65,48,19,0.25333333333333335,0.7846666666666666,0.011165780662746923,0.026916666666666665
60,75,8,77,3470.0,1817.997453406852,1.2833333333333334,103,43,0.5733333333333334,0.5373333333333333,0.03181155904534193,0.057833333333333334
60,75,9,56,2280.0,1917.869097767627,0.9333333333333333,68,27,0.36,0.6960000000000001,0.01981365675281565,0.038
70,75,0,86,3540.0,1907.2396376677382,1.2285714285714286,105,44,0.5866666666666667,0.528,0.026515508367511532,0.05057142857142857
70,75,1,78,3330.0,1817.6950277268588,1.1142857142857143,99,41,0.5466666666666666,0.556,0.026171292678794207,0.04757142857142857
70,75,2,75,2930.0,1969.2003195078107,1.0714285714285714,87,36,0.48,0.6093333333333333,0.02125590903194896,0.04185714285714286
70,75,3,38,1690.0,1945.6366009305473,0.5428571428571428,50,22,0.29333333333333333,0.7746666666666666,0.012408718632919551,0.024142857142857143
70,75,4,68,2650.0,2016.2458871654562,0.9714285714285714,79,31,0.41333333333333333,0.6466666666666666,0.018776054596378818,0.03785714285714286
70,75,5,83,3660.0,2111.6186780069493,1.1857142857142857,109,44,0.5866666666666667,0.512,0.024760964103170437,0.05228571428571428
70,75,6,85,3280.0,1840.422874864472,1.2142857142857142,98,37,0.49333333333333335,0.5626666666666668,0.02545998721114211,0.046857142857142854
70,75,7,80,3330.0,2059.566286246283,1.1428571428571428,99,40,0.5333333333333333,0.5559999999999999,0.02309778951476776,0.04757142857142857
70,75,8,53,2555.0,1993.5482967391447,0.7571428571428571,76,31,0.41333333333333333,0.6593333333333333,0.018309062318531837,0.0365
70,75,9,59,2855.0,1910.958729549007,0.8428571428571429,85,35,0.4666666666666667,0.6193333333333334,0.021343063905592485,0.040785714285714286
80,75,0,83,3350.0,2007.9441492064277,1.0375,100,39,0.52,0.5533333333333333,0.0208546637198797,0.041875
80,75,1,81,3115.0,1936.733606596808,1.0125,93,35,0.4666666666666667,0.5846666666666667,0.020104726776761127,0.0389375
80,75,2,67,3085.0,1890.134917976899,0.8375,92,37,0.49333333333333335,0.5886666666666667,0.020401982754371457,0.0385625
80,75,3,61,2620.0,2056.5989915007535,0.7625,78,31,0.41333333333333333,0.6506666666666666,0.01592434895443641,0.03275
80,75,4,102,4300.0,1807.869716911709,1.275,128,48,0.64,0.4266666666666667,0.02973112470284549,0.05375
80,75,5,75,2980.0,1973.387925859605,0.9375,89,34,0.4533333333333333,0.6026666666666667,0.01887616697754647,0.03725
80,75,6,62,2720.0,2032.7446029859188,0.775,81,34,0.4533333333333333,0.6373333333333333,0.016726154358032517,0.034
80,75,7,102,4100.0,1828.0368283539296,1.275,122,51,0.68,0.4533333333333333,0.028035540206347194,0.05125
80,75,8,77,3250.0,1908.6124000728619,0.9625,97,37,0.49333333333333335,0.5666666666666667,0.021285096962824473,0.040625
80,75,9,78,3355.0,1878.453171314505,0.975,100,38,0.5066666666666667,0.5526666666666668,0.022325549894146656,0.0419375
120,75,0,79,3275.0,1986.4324016936337,0.6583333333333333,98,35,0.4666666666666667,0.5633333333333334,0.013739036195441522,0.027291666666666665
120,75,1,80,3415.0,1993.6803723078517,0.6666666666666666,102,39,0.52,0.5446666666666666,0.014274270704882566,0.028458333333333332
120,75,2,62,2720.0,2108.72954584677,0.5166666666666667,81,32,0.4266666666666667,0.6373333333333333,0.01074896812220875,0.02266666666666667
120,75,3,106,4220.0,1944.9449363005444,0.8833333333333333,126,47,0.6266666666666667,0.4373333333333333,0.018081060296522712,0.035166666666666666
120,75,4,111,5035.0,1868.0507771847654,0.925,150,60,0.8,0.32866666666666666,0.022461023996663724,0.041958333333333334
120,75,5,109,4765.0,1980.1516255906974,0.9083333333333333,142,55,0.7333333333333333,0.3646666666666667,0.020053178160782496,0.03970833333333333
120,75,6,60,2855.0,2137.7592565801847,0.5,85,33,0.44,0.6193333333333333,0.011129254425368112,0.023791666666666666
120,75,7,62,2860.0,1983.7121903090915,0.5166666666666667,85,35,0.4666666666666667,0.6186666666666667,0.012014511706771208,0.023833333333333335
120,75,8,76,3320.0,2068.4281650801836,0.6333333333333333,99,38,0.5066666666666667,0.5573333333333333,0.013375696160854662,0.027666666666666666
120,75,9,100,4130.0,2008.172203568663,0.8333333333333334,123,47,0.6266666666666667,0.44933333333333336,0.01713830447683014,0.034416666666666665
160,75,0,83,3555.0,2038.4328276332471,0.51875,106,40,0.5333333333333333,0.5259999999999999,0.010899917671458132,0.02221875
160,75,1,135,5600.0,1874.9991241784937,0.84375,167,64,0.8533333333333334,0.25333333333333335,0.018666675385960403,0.035
160,75,2,67,3285.0,2030.3401358442666,0.41875,98,37,0.49333333333333335,0.5619999999999999,0.01011222190682971,0.02053125
160,75,3,106,4325.0,1937.2355928784305,0.6625,129,50,0.6666666666666666,0.4233333333333333,0.01395351711447536,0.02703125
160,75,4,61,3060.0,2130.927799084843,0.38125,91,38,0.5066666666666667,0.592,0.008974963867012999,0.019125
160,75,5,78,3730.0,2089.1278688074954,0.4875,111,46,0.6133333333333333,0.5026666666666666,0.011158962717445875,0.0233125
160,75,6,85,3750.0,2062.491149294643,0.53125,112,42,0.56,0.5,0.011363685128062467,0.0234375
160,75,7,88,3895.0,2079.160738807864,0.55,116,45,0.6,0.48066666666666674,0.011708450215329702,0.02434375
160,75,8,69,3170.0,2161.7815411877527,0.43125,94,41,0.5466666666666666,0.5773333333333334,0.00916489461239195,0.0198125
160,75,9,131,6030.0,1879.1935698162822,0.81875,180,68,0.9066666666666666,0.196,0.02005514525237785,0.0376875
200,75,0,111,4960.0,2088.638655073733,0.555,148,56,0.7466666666666667,0.33866666666666667,0.01187376281663451,0.0248
200,75,1,153,6080.0,1963.1260943834393,0.765,182,65,0.8666666666666667,0.18933333333333333,0.015485505534756673,0.0304
200,75,2,106,4895.0,2129.8706882640613,0.53,146,56,0.7466666666666667,0.34733333333333327,0.011491307962901827,0.024475
200,75,3,138,5830.0,1991.9203602098673,0.69,174,66,0.88,0.22266666666666665,0.014634119205914826,0.02915
200,75,4,147,6155.0,1880.6132802739571,0.735,184,68,0.9066666666666666,0.17933333333333332,0.01636434259121943,0.030775
200,75,5,82,3895.0,2086.2249992324832,0.41,116,47,0.6266666666666667,0.48066666666666663,0.009335042963805345,0.019475
200,75,6,124,5085.0,2031.3853755513553,0.62,152,56,0.7466666666666667,0.322,0.01251608892433775,0.025425
200,75,7,108,4965.0,1952.6767976103718,0.54,148,55,0.7333333333333333,0.338,0.012713317447301111,0.024825
200,75,8,88,3990.0,2065.0409689681624,0.44,119,46,0.6133333333333333,0.468,0.009660825281334927,0.01995
200,75,9,128,5345.0,2067.8692256684026,0.64,160,58,0.7733333333333333,0.2873333333333333,0.012923931391919434,0.026725
20,100,0,38,1480.0,1766.498447315898,1.9,44,18,0.18,0.8519999999999999,0.041890781230200985,0.074
20,100,1,21,940.0,1957.2958578552993,1.05,28,11,0.11,0.9059999999999999,0.024012721332532783,0.047
20,100,2,50,1880.0,1669.486838220249,2.5,56,21,0.21,0.812,0.056304726607014396,0.094
20,100,3,52,1910.0,1755.3926925172905,2.6,57,22,0.22,0.809,0.05440378122062812,0.0955
20,100,4,56,2115.0,1651.6061971395889,2.8,63,26,0.26,0.7885,0.06402858028938621,0.10575
20,100,5,51,1915.0,1637.154715727178,2.55,57,23,0.23,0.8085,0.05848561475600707,0.09575
20,100,6,48,1715.0,1626.077103369545,2.4,51,19,0.19,0.8285000000000001,0.05273427675865398,0.08575
20,100,7,50,1985.0,1763.4264423261943,2.5,59,25,0.25,0.8014999999999999,0.056282472360500636,0.09925
20,100,8,60,2315.0,1755.1400918353634,3.0,69,28,0.28,0.7685,0.06594915160245661,0.11575
20,100,9,34,1275.0,1792.7702410839643,1.7,38,15,0.15,0.8725,0.035559492532325154,0.06375
30,100,0,40,1610.0,2922.3845114024425,1.3333333333333333,48,18,0.18,0.8390000000000001,0.018363999144285163,0.05366666666666667
30,100,1,47,1875.0,1984.9595052826458,1.5666666666666667,56,21,0.21,0.8125,0.031486788437580945,0.0625
30,100,2,61,2345.0,1799.1054450964266,2.033333333333333,70,28,0.28,0.7655000000000001,0.0434475182539827,0.07816666666666666
30,100,3,52,2145.0,1704.5315548799272,1.7333333333333334,64,25,0.25,0.7855000000000001,0.04194700872230945,0.0715
30,100,4,34,1510.0,1859.7607950833603,1.1333333333333333,45,18,0.18,0.8490000000000001,0.027064412512834604,0.050333333333333334
30,100,5,51,1985.0,1905.3748159609156,1.7,59,24,0.24,0.8015000000000001,0.034726325819152595,0.06616666666666667
30,100,6,47,1955.0,1812.4735362307827,1.5666666666666667,58,24,0.24,0.8045,0.03595454795008327,0.06516666666666666
30,100,7,47,1955.0,1738.3499620727878,1.5666666666666667,58,24,0.24,0.8045,0.03748765673683032,0.06516666666666666
30,100,8,40,1610.0,1861.8966339384483,1.3333333333333333,48,18,0.18,0.8390000000000001,0.028823655238661768,0.05366666666666667
30,100,9,54,1975.0,1738.4178120703955,1.8,59,22,0.22,0.8024999999999999,0.03786968407492794,0.06583333333333333
40,100,0,71,2770.0,1809.3747271899053,1.775,82,37,0.37,0.723,0.03827289005387537,0.06925
40,100,1,50,1980.0,1888.0826613636273,1.25,59,25,0.25,0.802,0.02621707248995639,0.0495
40,100,2,73,2860.0,1712.6318263666897,1.825,85,36,0.36,0.7140000000000001,0.04174861105535196,0.0715
40,100,3,72,2760.0,1892.95299536423,1.8,82,34,0.34,0.7240000000000001,0.03645098434508325,0.069
40,100,4,81,3225.0,1739.3854808587828,2.025,96,39,0.39,0.6775,0.04635257732529376,0.080625
40,100,5,69,2750.0,1957.1663236790635,1.725,82,32,0.32,0.7250000000000001,0.03512731604269809,0.06875
40,100,6,54,2115.0,1838.1826572441519,1.35,63,24,0.24,0.7885,0.028764823665169102,0.052875
40,100,7,55,2220.0,1862.2468915483303,1.375,66,27,0.27,0.7780000000000001,0.029802707821332736,0.0555
40,100,8,36,1580.0,1995.5872768041838,0.9,47,21,0.21,0.8420000000000001,0.019793671997777484,0.0395
40,100,9,41,1780.0,2015.2365623897554,1.025,53,21,0.21,0.8220000000000002,0.02208177483006261,0.0445
60,100,0,93,3540.0,1786.3393521773346,1.55,106,38,0.38,0.6459999999999999,0.033028438817118394,0.059
60,100,1,72,2775.0,1869.4005386302792,1.2,83,31,0.31,0.7225,0.024740551339461816,0.04625
60,100,2,96,3760.0,1696.616929281087,1.6,112,42,0.42,0.624,0.03693624977160909,0.06266666666666666
60,100,3,65,2785.0,1890.722081773883,1.0833333333333333,83,33,0.33,0.7215,0.024549703583679715,0.04641666666666667
60,100,4,73,2990.0,1812.0105105519804,1.2166666666666666,89,36,0.36,0.7010000000000001,0.027501680063739226,0.049833333333333334
60,100,5,69,2920.0,1776.7299294429197,1.15,87,35,0.35,0.7080000000000001,0.02739114474304248,0.048666666666666664
60,100,6,51,2220.0,1941.1993691415241,0.85,66,28,0.28,0.778,0.01906038122007163,0.037
60,100,7,54,2285.0,1965.1638448454237,0.9,68,29,0.29,0.7715000000000001,0.019379215342896206,0.03808333333333333
60,100,8,83,3420.0,1809.9963586375848,1.3833333333333333,102,40,0.4,0.6580000000000001,0.031491776062414226,0.057
60,100,9,103,4180.0,1757.4638564656793,1.7166666666666666,124,54,0.54,0.582,0.039640454857927346,0.06966666666666667
70,100,0,64,2890.0,1971.3092092297168,0.9142857142857143,86,36,0.36,0.7110000000000002,0.020943297019266983,0.04128571428571429
70,100,1,94,4050.0,1759.835975909672,1.3428571428571427,120,57,0.57,0.595,0.03287644055988575,0.05785714285714286
70,100,2,78,2945.0,1878.444346916903,1.1142857142857143,88,33,0.33,0.7055000000000001,0.02239695237204155,0.04207142857142857
70,100,3,76,3065.0,1936.3927525295258,1.0857142857142856,91,41,0.41,0.6934999999999999,0.02261200070518579,0.04378571428571429
70,100,4,89,3285.0,1829.3974146293792,1.2714285714285714,98,39,0.39,0.6715000000000001,0.025652474991651155,0.04692857142857143
70,100,5,79,3160.0,1926.3854561901264,1.1285714285714286,94,37,0.37,0.684,0.02343396904176052,0.045142857142857144
70,100,6,114,4255.0,1840.0278890709328,1.6285714285714286,127,48,0.48,0.5745,0.03303521356755425,0.06078571428571428
70,100,7,83,3530.0,2022.7297182142884,1.1857142857142857,105,43,0.43,0.647,0.024930948991588906,0.05042857142857143
70,100,8,86,3485.0,1851.8062898994801,1.2285714285714286,104,39,0.39,0.6515000000000001,0.02688494717685442,0.04978571428571429
70,100,9,76,3190.0,1923.7057834355521,1.0857142857142856,95,39,0.39,0.6809999999999999,0.02368939624958782,0.04557142857142857
80,100,0,68,2950.0,1950.2375118431057,0.85,88,35,0.35,0.705,0.01890795340366038,0.036875
80,100,1,79,3390.0,1934.7447003370696,0.9875,101,41,0.41,0.661,0.021902114523232683,0.042375
80,100,2,92,3320.0,2010.4297156420573,1.15,99,37,0.37,0.6680000000000001,0.020642353063681427,0.0415
80,100,3,53,2650.0,2013.4782257747297,0.6625,79,31,0.31,0.735,0.016451630604177224,0.033125
80,100,4,95,3545.0,1815.863065881788,1.1875,106,39,0.39,0.6455,0.02440299647731517,0.0443125
80,100,5,65,2725.0,2028.2510040547859,0.8125,81,33,0.33,0.7275,0.016794025952361822,0.0340625
80,100,6,77,3320.0,2009.5627732033013,0.9625,99,39,0.39,0.6680000000000001,0.020651258350018,0.0415
80,100,7,80,3360.0,1822.187768515429,1.0,100,40,0.4,0.664,0.023049216291369468,0.042
80,100,8,113,4165.0,1918.0407004287713,1.4125,124,49,0.49,0.5835,0.027143584590442534,0.0520625
80,100,9,84,3420.0,1905.678782416342,1.05,102,39,0.39,0.6580000000000001,0.022432951657148807,0.04275
120,100,0,139,5730.0,1890.6388532073813,1.1583333333333334,171,64,0.64,0.42699999999999994,0.025256013288309575,0.04775
120,100,1,104,4500.0,1817.9912750788897,0.8666666666666667,134,54,0.54,0.55,0.020627161699867197,0.0375
120,100,2,121,4490.0,1941.951550166516,1.0083333333333333,134,52,0.52,0.5509999999999999,0.01926755930829392,0.03741666666666667
120,100,3,113,4555.0,1983.1320908352213,0.9416666666666667,136,52,0.52,0.5445,0.019140597597483634,0.03795833333333333
120,100,4,97,4365.0,1928.6822938265182,0.8083333333333333,130,52,0.52,0.5635,0.018860026929490684,0.036375
120,100,5,131,5525.0,1788.6118641215196,1.0916666666666666,165,63,0.63,0.4475,0.025741563941420083,0.04604166666666667
120,100,6,113,4650.0,1837.9278088772667,0.9416666666666667,139,52,0.52,0.5349999999999999,0.021083526683058993,0.03875
120,100,7,77,3460.0,2004.4268172889372,0.6416666666666667,103,41,0.41,0.654,0.014384827165868547,0.028833333333333332
120,100,8,96,4230.0,1925.4549711896402,0.8,126,49,0.49,0.577,0.01830736139117334,0.03525
120,100,9,119,5160.0,1842.837795667819,0.9916666666666667,154,58,0.58,0.48400000000000004,0.023333578300317744,0.043
160,100,0,58,3025.0,2110.5633706352455,0.3625,90,36,0.36,0.6975,0.00895791629052556,0.01890625
160,100,1,173,7335.0,1823.8696973658348,1.08125,219,82,0.82,0.26649999999999996,0.025135430489475686,0.04584375
160,100,2,125,5530.0,1929.1729175560577,0.78125,165,64,0.64,0.44699999999999995,0.017915708688148575,0.0345625
160,100,3,140,5500.0,1953.2481372776285,0.875,164,61,0.61,0.45,0.017598890455316506,0.034375
160,100,4,145,6645.0,1808.0076282009588,0.90625,198,76,0.76,0.33549999999999996,0.022970727198383164,0.04153125
160,100,5,124,5190.0,1978.254421607926,0.775,155,59,0.59,0.4810000000000001,0.016397031466576877,0.0324375
160,100,6,99,4425.0,2181.117489593239,0.61875,132,50,0.5,0.5575,0.012679853392564227,0.02765625
160,100,7,101,4225.0,2052.1410755336524,0.63125,126,49,0.49,0.5775,0.01286765823014051,0.02640625
160,100,8,151,6710.0,2044.0392166500064,0.94375,200,78,0.78,0.32900000000000007,0.02051697426272072,0.0419375
160,100,9,114,4795.0,1891.3675725274043,0.7125,143,57,0.57,0.5205000000000001,0.015845016291546776,0.02996875
200,100,0,103,4750.0,2086.501231047042,0.515,142,53,0.53,0.525,0.011382691582732422,0.02375
200,100,1,122,5370.0,2269.98962791394,0.61,160,59,0.59,0.46299999999999997,0.011828247878240059,0.02685
200,100,2,158,6335.0,1938.2944560325004,0.79,189,72,0.72,0.3665,0.016341686321920165,0.031675
200,100,3,131,5710.0,1983.9372952278668,0.655,170,67,0.67,0.42900000000000005,0.01439057578516909,0.02855
200,100,4,102,4460.0,2042.584248669696,0.51,133,53,0.53,0.5539999999999999,0.010917542331252016,0.0223
200,100,5,114,5135.0,1977.8315177166428,0.57,153,61,0.61,0.4865,0.012981388844304165,0.025675
200,100,6,147,5825.0,2146.2771679759094,0.735,174,65,0.65,0.4175,0.013570008773595132,0.029125
200,100,7,151,6290.0,1984.230379557475,0.755,188,68,0.68,0.371,0.015849974037296016,0.03145
200,100,8,129,5595.0,1934.8531531252802,0.645,167,64,0.64,0.44049999999999995,0.01445846159167855,0.027975
200,100,9,157,6525.0,1939.633867174116,0.785,195,71,0.71,0.3475,0.01682018475349262,0.032625
