metric_avg_distance_per_bee,metric_avg_pollen_level,metric_avg_trips_per_bee,metric_plant_visitation_rate,metric_plants_visited,metric_pollen_per_bee_per_step,metric_pollen_per_distance,metric_total_plant_visits,metric_total_pollen_collected,metric_total_trips,param_attraction_strength,param_bee_velocity_mean,param_bee_velocity_std,param_dt,param_max_steps,param_num_bees,param_num_hives,param_num_plants,param_simulation_bounds_max,param_simulation_bounds_min,run_name,timestamp
1890.6388532073813,0.42699999999999994,1.1583333333333334,0.64,64,0.04775,0.025256013288309575,171,5730.0,139,0.4,24,1.0,0.05,1000,120,1,100,500,-500,sweep_120bees_100plants_r0,2025-12-12T11:49:10.985830
1817.9912750788897,0.55,0.8666666666666667,0.54,54,0.0375,0.020627161699867197,134,4500.0,104,0.4,24,1.0,0.05,1000,120,1,100,500,-500,sweep_120bees_100plants_r1,2025-12-12T11:49:28.141207
1941.951550166516,0.5509999999999999,1.0083333333333333,0.52,52,0.03741666666666667,0.01926755930829392,134,4490.0,121,0.4,24,1.0,0.05,1000,120,1,100,500,-500,sweep_120bees_100plants_r2,2025-12-12T11:49:45.884998
1983.1320908352213,0.5445,0.9416666666666667,0.52,52,0.03795833333333333,0.019140597597483634,136,4555.0,113,0.4,24,1.0,0.05,1000,120,1,100,500,-500,sweep_120bees_100plants_r3,2025-12-12T11:50:04.477026
1928.6822938265182,0.5635,0.8083333333333333,0.52,52,0.036375,0.018860026929490684,130,4365.0,97,0.4,24,1.0,0.05,1000,120,1,100,500,-500,sweep_120bees_100plants_r4,2025-12-12T11:50:22.871054
1788.6118641215196,0.4475,1.0916666666666666,0.63,63,0.04604166666666667,0.025741563941420083,165,5525.0,131,0.4,24,1.0,0.05,1000,120,1,100,500,-500,sweep_120bees_100plants_r5,2025-12-12T11:50:38.883794
1837.9278088772667,0.5349999999999999,0.9416666666666667,0.52,52,0.03875,0.021083526683058993,139,4650.0,113,0.4,24,1.0,0.05,1000,120,1,100,500,-500,sweep_120bees_100plants_r6,2025-12-12T11:50:55.829277
2004.4268172889372,0.654,0.6416666666666667,0.41,41,0.028833333333333332,0.014384827165868547,103,3460.0,77,0.4,24,1.0,0.05,1000,120,1,100,500,-500,sweep_120bees_100plants_r7,2025-12-12T11:51:15.581924
1925.4549711896402,0.577,0.8,0.49,49,0.03525,0.01830736139117334,126,4230.0,96,0.4,24,1.0,0.05,1000,120,1,100,500,-500,sweep_120bees_100plants_r8,2025-12-12T11:51:34.276069
1842.837795667819,0.48400000000000004,0.9916666666666667,0.58,58,0.043,0.023333578300317744,154,5160.0,119,0.4,24,1.0,0.05,1000,120,1,100,500,-500,sweep_120bees_100plants_r9,2025-12-12T11:51:51.076641
2245.5510688912327,0.355,0.06666666666666667,0.9,9,0.005375,0.002393621803780205,19,645.0,8,0.4,24,1.0,0.05,1000,120,1,10,500,-500,sweep_120bees_10plants_r0,2025-12-12T11:05:33.741159
2195.830880017645,0.325,0.10833333333333334,0.8,8,0.005625,0.002561672691275204,20,675.0,13,0.4,24,1.0,0.05,1000,120,1,10,500,-500,sweep_120bees_10plants_r1,2025-12-12T11:05:36.847919
2219.270693193469,0.0,0.24166666666666667,1.0,10,0.008333333333333333,0.003754987329347326,30,1000.0,29,0.4,24,1.0,0.05,1000,120,1,10,500,-500,sweep_120bees_10plants_r2,2025-12-12T11:05:39.384618
2201.1108522369905,0.03,0.175,1.0,10,0.008083333333333333,0.003672388114900363,29,970.0,21,0.4,24,1.0,0.05,1000,120,1,10,500,-500,sweep_120bees_10plants_r3,2025-12-12T11:05:42.075509
2379.2104355545484,0.13,0.11666666666666667,0.9,9,0.00725,0.0030472294050400647,26,870.0,14,0.4,24,1.0,0.05,1000,120,1,10,500,-500,sweep_120bees_10plants_r4,2025-12-12T11:05:44.971451
2406.9079831341082,0.22000000000000003,0.1,1.0,10,0.0065,0.0027005602397546383,23,780.0,12,0.4,24,1.0,0.05,1000,120,1,10,500,-500,sweep_120bees_10plants_r5,2025-12-12T11:05:48.032245
2369.5496423640734,0.2,0.15,0.8,8,0.006666666666666667,0.0028134741503095953,24,800.0,18,0.4,24,1.0,0.05,1000,120,1,10,500,-500,sweep_120bees_10plants_r6,2025-12-12T11:05:50.862263
2304.583397340541,0.45999999999999996,0.1,0.7,7,0.0045,0.0019526305731408726,16,540.0,12,0.4,24,1.0,0.05,1000,120,1,10,500,-500,sweep_120bees_10plants_r7,2025-12-12T11:05:53.963642
2277.9488630798346,0.06,0.15,1.0,10,0.007833333333333333,0.0034387661023884894,28,940.0,18,0.4,24,1.0,0.05,1000,120,1,10,500,-500,sweep_120bees_10plants_r8,2025-12-12T11:05:56.814219
2296.100025907905,0.295,0.1,0.8,8,0.005875,0.002558686439488609,21,705.0,12,0.4,24,1.0,0.05,1000,120,1,10,500,-500,sweep_120bees_10plants_r9,2025-12-12T11:05:59.868294
2043.9173542979888,0.17,0.4,0.92,23,0.017291666666666667,0.008460061572599997,62,2075.0,48,0.4,24,1.0,0.05,1000,120,1,25,500,-500,sweep_120bees_25plants_r0,2025-12-12T11:09:52.288480
2273.254388223289,0.30200000000000005,0.30833333333333335,0.84,21,0.014541666666666666,0.006396849706746643,52,1745.0,37,0.4,24,1.0,0.05,1000,120,1,25,500,-500,sweep_120bees_25plants_r1,2025-12-12T11:09:58.259680
2250.8174748639694,0.314,0.2833333333333333,0.76,19,0.014291666666666666,0.006349544921464767,51,1715.0,34,0.4,24,1.0,0.05,1000,120,1,25,500,-500,sweep_120bees_25plants_r2,2025-12-12T11:10:03.987677
2236.1997334175785,0.5159999999999999,0.11666666666666667,0.56,14,0.010083333333333333,0.004509138062512421,36,1210.0,14,0.4,24,1.0,0.05,1000,120,1,25,500,-500,sweep_120bees_25plants_r3,2025-12-12T11:10:10.743294
2044.0593642846322,0.04,0.5083333333333333,0.96,24,0.02,0.009784451640424583,72,2400.0,61,0.4,24,1.0,0.05,1000,120,1,25,500,-500,sweep_120bees_25plants_r4,2025-12-12T11:10:15.666290
2241.534583909693,0.29,0.375,0.8,20,0.014791666666666667,0.006598901829507794,53,1775.0,45,0.4,24,1.0,0.05,1000,120,1,25,500,-500,sweep_120bees_25plants_r5,2025-12-12T11:10:21.387528
2133.5044525534627,0.41,0.25833333333333336,0.72,18,0.012291666666666666,0.005761256627308892,44,1475.0,31,0.4,24,1.0,0.05,1000,120,1,25,500,-500,sweep_120bees_25plants_r6,2025-12-12T11:10:27.544030
2214.863443980379,0.386,0.3,0.64,16,0.012791666666666666,0.0057753748663071005,46,1535.0,36,0.4,24,1.0,0.05,1000,120,1,25,500,-500,sweep_120bees_25plants_r7,2025-12-12T11:10:33.590683
2091.5360817905103,0.236,0.325,0.84,21,0.015916666666666666,0.0076100368553244455,57,1910.0,39,0.4,24,1.0,0.05,1000,120,1,25,500,-500,sweep_120bees_25plants_r8,2025-12-12T11:10:39.508534
2215.431912495029,0.13,0.4083333333333333,0.92,23,0.018125,0.008181248946435708,65,2175.0,49,0.4,24,1.0,0.05,1000,120,1,25,500,-500,sweep_120bees_25plants_r9,2025-12-12T11:10:44.864595
2141.521609873734,0.4759999999999999,0.49166666666666664,0.62,31,0.021833333333333333,0.010195243061133829,78,2620.0,59,0.4,24,1.0,0.05,1000,120,1,50,500,-500,sweep_120bees_50plants_r0,2025-12-12T11:18:20.306556
2021.2717384841137,0.32299999999999995,0.7416666666666667,0.78,39,0.028208333333333332,0.013955735290935517,101,3385.0,89,0.4,24,1.0,0.05,1000,120,1,50,500,-500,sweep_120bees_50plants_r1,2025-12-12T11:18:30.133064
2000.8709111434925,0.22200000000000003,0.7583333333333333,0.9,45,0.03241666666666667,0.016201278396386215,116,3890.0,91,0.4,24,1.0,0.05,1000,120,1,50,500,-500,sweep_120bees_50plants_r2,2025-12-12T11:18:39.610945
2026.6813236161568,0.203,0.85,0.86,43,0.03320833333333333,0.01638557228823747,119,3985.0,102,0.4,24,1.0,0.05,1000,120,1,50,500,-500,sweep_120bees_50plants_r3,2025-12-12T11:18:48.922451
2123.515328521433,0.47700000000000004,0.49166666666666664,0.6,30,0.021791666666666668,0.010262071751485698,78,2615.0,59,0.4,24,1.0,0.05,1000,120,1,50,500,-500,sweep_120bees_50plants_r4,2025-12-12T11:19:00.095162
2113.3617285051487,0.665,0.24166666666666667,0.36,18,0.013958333333333333,0.006604800846472472,50,1675.0,29,0.4,24,1.0,0.05,1000,120,1,50,500,-500,sweep_120bees_50plants_r5,2025-12-12T11:19:12.628936
2035.1417913007658,0.222,0.75,0.84,42,0.03241666666666667,0.015928456093443726,116,3890.0,90,0.4,24,1.0,0.05,1000,120,1,50,500,-500,sweep_120bees_50plants_r6,2025-12-12T11:19:22.382690
1981.4725270300426,0.269,0.7416666666666667,0.88,44,0.030458333333333334,0.015371564792263977,109,3655.0,89,0.4,24,1.0,0.05,1000,120,1,50,500,-500,sweep_120bees_50plants_r7,2025-12-12T11:19:32.333551
2162.6783537266842,0.4809999999999999,0.35833333333333334,0.66,33,0.021625,0.009999175310899206,77,2595.0,43,0.4,24,1.0,0.05,1000,120,1,50,500,-500,sweep_120bees_50plants_r8,2025-12-12T11:19:44.111871
2136.222514403216,0.563,0.375,0.52,26,0.018208333333333333,0.008523612690422417,65,2185.0,45,0.4,24,1.0,0.05,1000,120,1,50,500,-500,sweep_120bees_50plants_r9,2025-12-12T11:19:55.937489
1986.4324016936337,0.5633333333333334,0.6583333333333333,0.4666666666666667,35,0.027291666666666665,0.013739036195441522,98,3275.0,79,0.4,24,1.0,0.05,1000,120,1,75,500,-500,sweep_120bees_75plants_r0,2025-12-12T11:31:35.407246
1993.6803723078517,0.5446666666666666,0.6666666666666666,0.52,39,0.028458333333333332,0.014274270704882566,102,3415.0,80,0.4,24,1.0,0.05,1000,120,1,75,500,-500,sweep_120bees_75plants_r1,2025-12-12T11:31:51.266856
2108.72954584677,0.6373333333333333,0.5166666666666667,0.4266666666666667,32,0.02266666666666667,0.01074896812220875,81,2720.0,62,0.4,24,1.0,0.05,1000,120,1,75,500,-500,sweep_120bees_75plants_r2,2025-12-12T11:32:07.924848
1944.9449363005444,0.4373333333333333,0.8833333333333333,0.6266666666666667,47,0.035166666666666666,0.018081060296522712,126,4220.0,106,0.4,24,1.0,0.05,1000,120,1,75,500,-500,sweep_120bees_75plants_r3,2025-12-12T11:32:21.798086
1868.0507771847654,0.32866666666666666,0.925,0.8,60,0.041958333333333334,0.022461023996663724,150,5035.0,111,0.4,24,1.0,0.05,1000,120,1,75,500,-500,sweep_120bees_75plants_r4,2025-12-12T11:32:35.051081
1980.1516255906974,0.3646666666666667,0.9083333333333333,0.7333333333333333,55,0.03970833333333333,0.020053178160782496,142,4765.0,109,0.4,24,1.0,0.05,1000,120,1,75,500,-500,sweep_120bees_75plants_r5,2025-12-12T11:32:48.626353
2137.7592565801847,0.6193333333333333,0.5,0.44,33,0.023791666666666666,0.011129254425368112,85,2855.0,60,0.4,24,1.0,0.05,1000,120,1,75,500,-500,sweep_120bees_75plants_r6,2025-12-12T11:33:05.264786
1983.7121903090915,0.6186666666666667,0.5166666666666667,0.4666666666666667,35,0.023833333333333335,0.012014511706771208,85,2860.0,62,0.4,24,1.0,0.05,1000,120,1,75,500,-500,sweep_120bees_75plants_r7,2025-12-12T11:33:21.297167
2068.4281650801836,0.5573333333333333,0.6333333333333333,0.5066666666666667,38,0.027666666666666666,0.013375696160854662,99,3320.0,76,0.4,24,1.0,0.05,1000,120,1,75,500,-500,sweep_120bees_75plants_r8,2025-12-12T11:33:37.132679
2008.172203568663,0.44933333333333336,0.8333333333333334,0.6266666666666667,47,0.034416666666666665,0.01713830447683014,123,4130.0,100,0.4,24,1.0,0.05,1000,120,1,75,500,-500,sweep_120bees_75plants_r9,2025-12-12T11:33:51.019681
2110.5633706352455,0.6975,0.3625,0.36,36,0.01890625,0.00895791629052556,90,3025.0,58,0.4,24,1.0,0.05,1000,160,1,100,500,-500,sweep_160bees_100plants_r0,2025-12-12T11:52:20.644456
1823.8696973658348,0.26649999999999996,1.08125,0.82,82,0.04584375,0.025135430489475686,219,7335.0,173,0.4,24,1.0,0.05,1000,160,1,100,500,-500,sweep_160bees_100plants_r1,2025-12-12T11:52:41.303419
1929.1729175560577,0.44699999999999995,0.78125,0.64,64,0.0345625,0.017915708688148575,165,5530.0,125,0.4,24,1.0,0.05,1000,160,1,100,500,-500,sweep_160bees_100plants_r2,2025-12-12T11:53:05.575199
1953.2481372776285,0.45,0.875,0.61,61,0.034375,0.017598890455316506,164,5500.0,140,0.4,24,1.0,0.05,1000,160,1,100,500,-500,sweep_160bees_100plants_r3,2025-12-12T11:53:28.663233
1808.0076282009588,0.33549999999999996,0.90625,0.76,76,0.04153125,0.022970727198383164,198,6645.0,145,0.4,24,1.0,0.05,1000,160,1,100,500,-500,sweep_160bees_100plants_r4,2025-12-12T11:53:49.976506
1978.254421607926,0.4810000000000001,0.775,0.59,59,0.0324375,0.016397031466576877,155,5190.0,124,0.4,24,1.0,0.05,1000,160,1,100,500,-500,sweep_160bees_100plants_r5,2025-12-12T11:54:15.041990
2181.117489593239,0.5575,0.61875,0.5,50,0.02765625,0.012679853392564227,132,4425.0,99,0.4,24,1.0,0.05,1000,160,1,100,500,-500,sweep_160bees_100plants_r6,2025-12-12T11:54:39.494974
2052.1410755336524,0.5775,0.63125,0.49,49,0.02640625,0.01286765823014051,126,4225.0,101,0.4,24,1.0,0.05,1000,160,1,100,500,-500,sweep_160bees_100plants_r7,2025-12-12T11:55:05.635640
2044.0392166500064,0.32900000000000007,0.94375,0.78,78,0.0419375,0.02051697426272072,200,6710.0,151,0.4,24,1.0,0.05,1000,160,1,100,500,-500,sweep_160bees_100plants_r8,2025-12-12T11:55:27.336889
1891.3675725274043,0.5205000000000001,0.7125,0.57,57,0.02996875,0.015845016291546776,143,4795.0,114,0.4,24,1.0,0.05,1000,160,1,100,500,-500,sweep_160bees_100plants_r9,2025-12-12T11:55:51.372803
2365.9632793939063,0.22999999999999998,0.0875,0.9,9,0.0048125,0.0020340552374222935,23,770.0,14,0.4,24,1.0,0.05,1000,160,1,10,500,-500,sweep_160bees_10plants_r0,2025-12-12T11:06:04.025059
2284.222059623238,0.09,0.11875,1.0,10,0.0056875,0.0024899067829412796,27,910.0,19,0.4,24,1.0,0.05,1000,160,1,10,500,-500,sweep_160bees_10plants_r1,2025-12-12T11:06:08.089852
2311.9416361454682,0.225,0.05625,0.9,9,0.00484375,0.0020951004663230305,23,775.0,9,0.4,24,1.0,0.05,1000,160,1,10,500,-500,sweep_160bees_10plants_r2,2025-12-12T11:06:12.250609
2249.644582953254,0.03,0.10625,1.0,10,0.0060625,0.0026948701345709306,29,970.0,17,0.4,24,1.0,0.05,1000,160,1,10,500,-500,sweep_160bees_10plants_r3,2025-12-12T11:06:16.157536
2314.8103429454877,0.0,0.1625,1.0,10,0.00625,0.0027000052159984597,30,1000.0,26,0.4,24,1.0,0.05,1000,160,1,10,500,-500,sweep_160bees_10plants_r4,2025-12-12T11:06:19.651853
2386.510035876622,0.0,0.16875,1.0,10,0.00625,0.002618886954608689,30,1000.0,27,0.4,24,1.0,0.05,1000,160,1,10,500,-500,sweep_160bees_10plants_r5,2025-12-12T11:06:22.917760
2329.021182233014,0.0,0.14375,1.0,10,0.00625,0.002683530767207381,30,1000.0,23,0.4,24,1.0,0.05,1000,160,1,10,500,-500,sweep_160bees_10plants_r6,2025-12-12T11:06:26.572558
2385.113264287008,0.0,0.15625,1.0,10,0.00625,0.0026204206288997097,30,1000.0,25,0.4,24,1.0,0.05,1000,160,1,10,500,-500,sweep_160bees_10plants_r7,2025-12-12T11:06:30.182162
2278.3053588899957,0.095,0.13125,1.0,10,0.00565625,0.0024826566719554043,27,905.0,21,0.4,24,1.0,0.05,1000,160,1,10,500,-500,sweep_160bees_10plants_r8,2025-12-12T11:06:33.925782
2244.819343079117,0.0,0.1375,1.0,10,0.00625,0.0027841884110937666,30,1000.0,22,0.4,24,1.0,0.05,1000,160,1,10,500,-500,sweep_160bees_10plants_r9,2025-12-12T11:06:37.555261
2068.9865109222183,0.26,0.23125,0.92,23,0.0115625,0.005588484960613009,55,1850.0,37,0.4,24,1.0,0.05,1000,160,1,25,500,-500,sweep_160bees_25plants_r0,2025-12-12T11:10:52.542465
2177.6252605917543,0.182,0.3125,0.92,23,0.01278125,0.0058693523772436335,61,2045.0,50,0.4,24,1.0,0.05,1000,160,1,25,500,-500,sweep_160bees_25plants_r1,2025-12-12T11:11:00.067562
2220.504813579374,0.20800000000000002,0.30625,0.88,22,0.012375,0.005573057047353095,59,1980.0,49,0.4,24,1.0,0.05,1000,160,1,25,500,-500,sweep_160bees_25plants_r2,2025-12-12T11:11:07.733327
2099.8954330435636,0.32800000000000007,0.25,0.76,19,0.0105,0.005000248981341621,50,1680.0,40,0.4,24,1.0,0.05,1000,160,1,25,500,-500,sweep_160bees_25plants_r3,2025-12-12T11:11:15.808062
2472.9338761837444,0.29,0.275,0.8,20,0.01109375,0.004486068190840583,53,1775.0,44,0.4,24,1.0,0.05,1000,160,1,25,500,-500,sweep_160bees_25plants_r4,2025-12-12T11:11:23.619612
2265.049025183534,0.23600000000000002,0.21875,0.88,22,0.0119375,0.005270305352014498,57,1910.0,35,0.4,24,1.0,0.05,1000,160,1,25,500,-500,sweep_160bees_25plants_r5,2025-12-12T11:11:31.682346
2149.1808429824237,0.22,0.25,0.92,23,0.0121875,0.005670765231225203,58,1950.0,40,0.4,24,1.0,0.05,1000,160,1,25,500,-500,sweep_160bees_25plants_r6,2025-12-12T11:11:39.652973
2135.5766870957127,0.27799999999999997,0.23125,0.8,20,0.01128125,0.005282530975435018,54,1805.0,37,0.4,24,1.0,0.05,1000,160,1,25,500,-500,sweep_160bees_25plants_r7,2025-12-12T11:11:47.558773
2223.3554635040805,0.37,0.24375,0.68,17,0.00984375,0.004427429694254076,47,1575.0,39,0.4,24,1.0,0.05,1000,160,1,25,500,-500,sweep_160bees_25plants_r8,2025-12-12T11:11:55.655108
2184.756710454528,0.10400000000000001,0.30625,0.92,23,0.014,0.006408036159361364,67,2240.0,49,0.4,24,1.0,0.05,1000,160,1,25,500,-500,sweep_160bees_25plants_r9,2025-12-12T11:12:03.260328
2167.198677313315,0.321,0.4625,0.8,40,0.02121875,0.00979086514869277,101,3395.0,74,0.4,24,1.0,0.05,1000,160,1,50,500,-500,sweep_160bees_50plants_r0,2025-12-12T11:20:10.179771
2186.337190040707,0.36400000000000005,0.45,0.7,35,0.019875,0.009090546549971988,95,3180.0,72,0.4,24,1.0,0.05,1000,160,1,50,500,-500,sweep_160bees_50plants_r1,2025-12-12T11:20:24.438045
2219.2341410527706,0.534,0.28125,0.62,31,0.0145625,0.006561948435549831,69,2330.0,45,0.4,24,1.0,0.05,1000,160,1,50,500,-500,sweep_160bees_50plants_r2,2025-12-12T11:20:40.527642
2169.977746625397,0.45699999999999996,0.31875,0.62,31,0.01696875,0.007819780652768747,81,2715.0,51,0.4,24,1.0,0.05,1000,160,1,50,500,-500,sweep_160bees_50plants_r3,2025-12-12T11:20:55.700863
2158.2082729862727,0.314,0.5125,0.86,43,0.0214375,0.009933007980892099,102,3430.0,82,0.4,24,1.0,0.05,1000,160,1,50,500,-500,sweep_160bees_50plants_r4,2025-12-12T11:21:09.105439
2129.570350297699,0.392,0.43125,0.66,33,0.019,0.008921987478527738,91,3040.0,69,0.4,24,1.0,0.05,1000,160,1,50,500,-500,sweep_160bees_50plants_r5,2025-12-12T11:21:23.399464
2201.7101262200463,0.315,0.46875,0.82,41,0.02140625,0.00972255600093497,102,3425.0,75,0.4,24,1.0,0.05,1000,160,1,50,500,-500,sweep_160bees_50plants_r6,2025-12-12T11:21:37.548191
2105.58448873027,0.37,0.4625,0.72,36,0.0196875,0.009350135368765063,94,3150.0,74,0.4,24,1.0,0.05,1000,160,1,50,500,-500,sweep_160bees_50plants_r7,2025-12-12T11:21:51.529674
2054.5814734682726,0.435,0.36875,0.66,33,0.01765625,0.008593599342738673,84,2825.0,59,0.4,24,1.0,0.05,1000,160,1,50,500,-500,sweep_160bees_50plants_r8,2025-12-12T11:22:06.444376
2618.815930867271,0.455,0.35625,0.64,32,0.01703125,0.0065034162192375905,81,2725.0,57,0.4,24,1.0,0.05,1000,160,1,50,500,-500,sweep_160bees_50plants_r9,2025-12-12T11:22:22.250609
2038.4328276332471,0.5259999999999999,0.51875,0.5333333333333333,40,0.02221875,0.010899917671458132,106,3555.0,83,0.4,24,1.0,0.05,1000,160,1,75,500,-500,sweep_160bees_75plants_r0,2025-12-12T11:34:11.863371
1874.9991241784937,0.25333333333333335,0.84375,0.8533333333333334,64,0.035,0.018666675385960403,167,5600.0,135,0.4,24,1.0,0.05,1000,160,1,75,500,-500,sweep_160bees_75plants_r1,2025-12-12T11:34:29.505954
2030.3401358442666,0.5619999999999999,0.41875,0.49333333333333335,37,0.02053125,0.01011222190682971,98,3285.0,67,0.4,24,1.0,0.05,1000,160,1,75,500,-500,sweep_160bees_75plants_r2,2025-12-12T11:34:50.574970
1937.2355928784305,0.4233333333333333,0.6625,0.6666666666666666,50,0.02703125,0.01395351711447536,129,4325.0,106,0.4,24,1.0,0.05,1000,160,1,75,500,-500,sweep_160bees_75plants_r3,2025-12-12T11:35:10.273256
2130.927799084843,0.592,0.38125,0.5066666666666667,38,0.019125,0.008974963867012999,91,3060.0,61,0.4,24,1.0,0.05,1000,160,1,75,500,-500,sweep_160bees_75plants_r4,2025-12-12T11:35:33.913351
2089.1278688074954,0.5026666666666666,0.4875,0.6133333333333333,46,0.0233125,0.011158962717445875,111,3730.0,78,0.4,24,1.0,0.05,1000,160,1,75,500,-500,sweep_160bees_75plants_r5,2025-12-12T11:35:56.463263
2062.491149294643,0.5,0.53125,0.56,42,0.0234375,0.011363685128062467,112,3750.0,85,0.4,24,1.0,0.05,1000,160,1,75,500,-500,sweep_160bees_75plants_r6,2025-12-12T11:36:18.074455
2079.160738807864,0.48066666666666674,0.55,0.6,45,0.02434375,0.011708450215329702,116,3895.0,88,0.4,24,1.0,0.05,1000,160,1,75,500,-500,sweep_160bees_75plants_r7,2025-12-12T11:36:38.817577
2161.7815411877527,0.5773333333333334,0.43125,0.5466666666666666,41,0.0198125,0.00916489461239195,94,3170.0,69,0.4,24,1.0,0.05,1000,160,1,75,500,-500,sweep_160bees_75plants_r8,2025-12-12T11:37:01.731851
1879.1935698162822,0.196,0.81875,0.9066666666666666,68,0.0376875,0.02005514525237785,180,6030.0,131,0.4,24,1.0,0.05,1000,160,1,75,500,-500,sweep_160bees_75plants_r9,2025-12-12T11:37:19.115689
2086.501231047042,0.525,0.515,0.53,53,0.02375,0.011382691582732422,142,4750.0,103,0.4,24,1.0,0.05,1000,200,1,100,500,-500,sweep_200bees_100plants_r0,2025-12-12T11:56:25.030797
2269.98962791394,0.46299999999999997,0.61,0.59,59,0.02685,0.011828247878240059,160,5370.0,122,0.4,24,1.0,0.05,1000,200,1,100,500,-500,sweep_200bees_100plants_r1,2025-12-12T11:56:57.612741
1938.2944560325004,0.3665,0.79,0.72,72,0.031675,0.016341686321920165,189,6335.0,158,0.4,24,1.0,0.05,1000,200,1,100,500,-500,sweep_200bees_100plants_r2,2025-12-12T11:57:26.486412
1983.9372952278668,0.42900000000000005,0.655,0.67,67,0.02855,0.01439057578516909,170,5710.0,131,0.4,24,1.0,0.05,1000,200,1,100,500,-500,sweep_200bees_100plants_r3,2025-12-12T11:57:56.774450
2042.584248669696,0.5539999999999999,0.51,0.53,53,0.0223,0.010917542331252016,133,4460.0,102,0.4,24,1.0,0.05,1000,200,1,100,500,-500,sweep_200bees_100plants_r4,2025-12-12T11:58:30.412823
1977.8315177166428,0.4865,0.57,0.61,61,0.025675,0.012981388844304165,153,5135.0,114,0.4,24,1.0,0.05,1000,200,1,100,500,-500,sweep_200bees_100plants_r5,2025-12-12T11:59:02.451209
2146.2771679759094,0.4175,0.735,0.65,65,0.029125,0.013570008773595132,174,5825.0,147,0.4,24,1.0,0.05,1000,200,1,100,500,-500,sweep_200bees_100plants_r6,2025-12-12T11:59:32.592008
1984.230379557475,0.371,0.755,0.68,68,0.03145,0.015849974037296016,188,6290.0,151,0.4,24,1.0,0.05,1000,200,1,100,500,-500,sweep_200bees_100plants_r7,2025-12-12T12:00:02.504210
1934.8531531252802,0.44049999999999995,0.645,0.64,64,0.027975,0.01445846159167855,167,5595.0,129,0.4,24,1.0,0.05,1000,200,1,100,500,-500,sweep_200bees_100plants_r8,2025-12-12T12:00:32.177100
1939.633867174116,0.3475,0.785,0.71,71,0.032625,0.01682018475349262,195,6525.0,157,0.4,24,1.0,0.05,1000,200,1,100,500,-500,sweep_200bees_100plants_r9,2025-12-12T12:01:01.224698
2636.322794791233,0.0,0.125,1.0,10,0.005,0.0018965811052724078,30,1000.0,25,0.4,24,1.0,0.05,1000,200,1,10,500,-500,sweep_200bees_10plants_r0,2025-12-12T11:06:41.878993
2313.9670673897485,0.255,0.045,1.0,10,0.003725,0.0016097895482159803,22,745.0,9,0.4,24,1.0,0.05,1000,200,1,10,500,-500,sweep_200bees_10plants_r1,2025-12-12T11:06:47.012934
2308.05641212923,0.155,0.08,1.0,10,0.004225,0.0018305445126024238,25,845.0,16,0.4,24,1.0,0.05,1000,200,1,10,500,-500,sweep_200bees_10plants_r2,2025-12-12T11:06:52.020496
2371.7726249967614,0.065,0.11,1.0,10,0.004675,0.0019710995694650047,28,935.0,22,0.4,24,1.0,0.05,1000,200,1,10,500,-500,sweep_200bees_10plants_r3,2025-12-12T11:06:56.567264
2331.0676706409276,0.03,0.095,1.0,10,0.00485,0.0020805916795484927,29,970.0,19,0.4,24,1.0,0.05,1000,200,1,10,500,-500,sweep_200bees_10plants_r4,2025-12-12T11:07:01.195924
2427.4226765379235,0.22999999999999998,0.09,0.8,8,0.00385,0.001586044341272698,23,770.0,18,0.4,24,1.0,0.05,1000,200,1,10,500,-500,sweep_200bees_10plants_r5,2025-12-12T11:07:06.053426
2251.4526418818464,0.22999999999999998,0.06,0.8,8,0.00385,0.0017100070986978565,23,770.0,12,0.4,24,1.0,0.05,1000,200,1,10,500,-500,sweep_200bees_10plants_r6,2025-12-12T11:07:11.182013
2311.8505167690246,0.225,0.04,0.9,9,0.003875,0.0016761464341628748,23,775.0,8,0.4,24,1.0,0.05,1000,200,1,10,500,-500,sweep_200bees_10plants_r7,2025-12-12T11:07:16.367378
2278.6782605171584,0.0,0.15,1.0,10,0.005,0.0021942544880667893,30,1000.0,30,0.4,24,1.0,0.05,1000,200,1,10,500,-500,sweep_200bees_10plants_r8,2025-12-12T11:07:20.533888
2252.3099033847784,0.0,0.12,1.0,10,0.005,0.0022199431758862243,30,1000.0,24,0.4,24,1.0,0.05,1000,200,1,10,500,-500,sweep_200bees_10plants_r9,2025-12-12T11:07:25.008826
2302.0536066792915,0.304,0.155,0.8,20,0.0087,0.0037792343213717493,52,1740.0,31,0.4,24,1.0,0.05,1000,200,1,25,500,-500,sweep_200bees_25plants_r0,2025-12-12T11:12:15.562706
2381.890133371476,0.298,0.15,0.84,21,0.008775,0.0036840490151320775,52,1755.0,30,0.4,24,1.0,0.05,1000,200,1,25,500,-500,sweep_200bees_25plants_r1,2025-12-12T11:12:26.921414
2229.7357764033572,0.42199999999999993,0.17,0.76,19,0.007225,0.003240294243138611,43,1445.0,34,0.4,24,1.0,0.05,1000,200,1,25,500,-500,sweep_200bees_25plants_r2,2025-12-12T11:12:38.589425
2287.571861417023,0.168,0.25,0.96,24,0.0104,0.004546305266037755,62,2080.0,50,0.4,24,1.0,0.05,1000,200,1,25,500,-500,sweep_200bees_25plants_r3,2025-12-12T11:12:48.713216
2215.9487654051277,0.38199999999999995,0.15,0.72,18,0.007725,0.00348609142982044,46,1545.0,30,0.4,24,1.0,0.05,1000,200,1,25,500,-500,sweep_200bees_25plants_r4,2025-12-12T11:13:00.334574
2215.6492010846905,0.052000000000000005,0.275,0.96,24,0.01185,0.005348319577936222,71,2370.0,55,0.4,24,1.0,0.05,1000,200,1,25,500,-500,sweep_200bees_25plants_r5,2025-12-12T11:13:10.494447
2151.4993695423764,0.23600000000000002,0.16,0.84,21,0.00955,0.0044387649539638415,57,1910.0,32,0.4,24,1.0,0.05,1000,200,1,25,500,-500,sweep_200bees_25plants_r6,2025-12-12T11:13:24.335703
2206.782998062124,0.052000000000000005,0.26,0.96,24,0.01185,0.005369807548094226,71,2370.0,52,0.4,24,1.0,0.05,1000,200,1,25,500,-500,sweep_200bees_25plants_r7,2025-12-12T11:13:34.021008
2268.9509719631474,0.222,0.185,0.88,22,0.009725,0.004286121701248446,58,1945.0,37,0.4,24,1.0,0.05,1000,200,1,25,500,-500,sweep_200bees_25plants_r8,2025-12-12T11:13:44.749878
2226.068066251743,0.26,0.16,0.88,22,0.00925,0.004155308698882315,55,1850.0,32,0.4,24,1.0,0.05,1000,200,1,25,500,-500,sweep_200bees_25plants_r9,2025-12-12T11:13:55.474642
2157.49537495784,0.254,0.405,0.88,44,0.01865,0.008644282725456337,111,3730.0,81,0.4,24,1.0,0.05,1000,200,1,50,500,-500,sweep_200bees_50plants_r0,2025-12-12T11:22:40.065974
2123.9520326969296,0.276,0.455,0.84,42,0.0181,0.00852184970345925,108,3620.0,91,0.4,24,1.0,0.05,1000,200,1,50,500,-500,sweep_200bees_50plants_r1,2025-12-12T11:22:57.236824
2216.289725848766,0.449,0.225,0.66,33,0.013775,0.006215342623909258,82,2755.0,45,0.4,24,1.0,0.05,1000,200,1,50,500,-500,sweep_200bees_50plants_r2,2025-12-12T11:23:17.008402
2134.448009789007,0.49599999999999994,0.28,0.6,30,0.0126,0.005903165568903,75,2520.0,56,0.4,24,1.0,0.05,1000,200,1,50,500,-500,sweep_200bees_50plants_r3,2025-12-12T11:23:36.980050
2065.1432479401287,0.429,0.3,0.7,35,0.014275,0.00691235342354026,85,2855.0,60,0.4,24,1.0,0.05,1000,200,1,50,500,-500,sweep_200bees_50plants_r4,2025-12-12T11:23:55.834327
2124.14475592431,0.43,0.285,0.68,34,0.01425,0.006708582341319384,85,2850.0,57,0.4,24,1.0,0.05,1000,200,1,50,500,-500,sweep_200bees_50plants_r5,2025-12-12T11:24:15.539013
2146.743988581775,0.34600000000000003,0.345,0.82,41,0.01635,0.0076161852959474065,97,3270.0,69,0.4,24,1.0,0.05,1000,200,1,50,500,-500,sweep_200bees_50plants_r6,2025-12-12T11:24:34.198692
2133.455706819728,0.39699999999999996,0.37,0.66,33,0.015075,0.0070660009260149126,90,3015.0,74,0.4,24,1.0,0.05,1000,200,1,50,500,-500,sweep_200bees_50plants_r7,2025-12-12T11:24:52.608522
2029.6137389584253,0.251,0.465,0.84,42,0.018725,0.009225893400588358,112,3745.0,93,0.4,24,1.0,0.05,1000,200,1,50,500,-500,sweep_200bees_50plants_r8,2025-12-12T11:25:09.510296
2138.951742420153,0.38299999999999995,0.335,0.7,35,0.015425,0.0072114763947629425,92,3085.0,67,0.4,24,1.0,0.05,1000,200,1,50,500,-500,sweep_200bees_50plants_r9,2025-12-12T11:25:28.147685
2088.638655073733,0.33866666666666667,0.555,0.7466666666666667,56,0.0248,0.01187376281663451,148,4960.0,111,0.4,24,1.0,0.05,1000,200,1,75,500,-500,sweep_200bees_75plants_r0,2025-12-12T11:37:44.504245
1963.1260943834393,0.18933333333333333,0.765,0.8666666666666667,65,0.0304,0.015485505534756673,182,6080.0,153,0.4,24,1.0,0.05,1000,200,1,75,500,-500,sweep_200bees_75plants_r1,2025-12-12T11:38:06.720509
2129.8706882640613,0.34733333333333327,0.53,0.7466666666666667,56,0.024475,0.011491307962901827,146,4895.0,106,0.4,24,1.0,0.05,1000,200,1,75,500,-500,sweep_200bees_75plants_r2,2025-12-12T11:38:31.939429
1991.9203602098673,0.22266666666666665,0.69,0.88,66,0.02915,0.014634119205914826,174,5830.0,138,0.4,24,1.0,0.05,1000,200,1,75,500,-500,sweep_200bees_75plants_r3,2025-12-12T11:38:55.180504
1880.6132802739571,0.17933333333333332,0.735,0.9066666666666666,68,0.030775,0.01636434259121943,184,6155.0,147,0.4,24,1.0,0.05,1000,200,1,75,500,-500,sweep_200bees_75plants_r4,2025-12-12T11:39:16.421684
2086.2249992324832,0.48066666666666663,0.41,0.6266666666666667,47,0.019475,0.009335042963805345,116,3895.0,82,0.4,24,1.0,0.05,1000,200,1,75,500,-500,sweep_200bees_75plants_r5,2025-12-12T11:39:43.129567
2031.3853755513553,0.322,0.62,0.7466666666666667,56,0.025425,0.01251608892433775,152,5085.0,124,0.4,24,1.0,0.05,1000,200,1,75,500,-500,sweep_200bees_75plants_r6,2025-12-12T11:40:07.421256
1952.6767976103718,0.338,0.54,0.7333333333333333,55,0.024825,0.012713317447301111,148,4965.0,108,0.4,24,1.0,0.05,1000,200,1,75,500,-500,sweep_200bees_75plants_r7,2025-12-12T11:40:31.629524
2065.0409689681624,0.468,0.44,0.6133333333333333,46,0.01995,0.009660825281334927,119,3990.0,88,0.4,24,1.0,0.05,1000,200,1,75,500,-500,sweep_200bees_75plants_r8,2025-12-12T11:40:58.164660
2067.8692256684026,0.2873333333333333,0.64,0.7733333333333333,58,0.026725,0.012923931391919434,160,5345.0,128,0.4,24,1.0,0.05,1000,200,1,75,500,-500,sweep_200bees_75plants_r9,2025-12-12T11:41:21.673969
1766.498447315898,0.8519999999999999,1.9,0.18,18,0.074,0.041890781230200985,44,1480.0,38,0.4,24,1.0,0.05,1000,20,1,100,500,-500,sweep_20bees_100plants_r0,2025-12-12T11:41:24.582175
1957.2958578552993,0.9059999999999999,1.05,0.11,11,0.047,0.024012721332532783,28,940.0,21,0.4,24,1.0,0.05,1000,20,1,100,500,-500,sweep_20bees_100plants_r1,2025-12-12T11:41:27.883189
1669.486838220249,0.812,2.5,0.21,21,0.094,0.056304726607014396,56,1880.0,50,0.4,24,1.0,0.05,1000,20,1,100,500,-500,sweep_20bees_100plants_r2,2025-12-12T11:41:30.462272
1755.3926925172905,0.809,2.6,0.22,22,0.0955,0.05440378122062812,57,1910.0,52,0.4,24,1.0,0.05,1000,20,1,100,500,-500,sweep_20bees_100plants_r3,2025-12-12T11:41:33.149265
1651.6061971395889,0.7885,2.8,0.26,26,0.10575,0.06402858028938621,63,2115.0,56,0.4,24,1.0,0.05,1000,20,1,100,500,-500,sweep_20bees_100plants_r4,2025-12-12T11:41:35.603192
1637.154715727178,0.8085,2.55,0.23,23,0.09575,0.05848561475600707,57,1915.0,51,0.4,24,1.0,0.05,1000,20,1,100,500,-500,sweep_20bees_100plants_r5,2025-12-12T11:41:38.297808
1626.077103369545,0.8285000000000001,2.4,0.19,19,0.08575,0.05273427675865398,51,1715.0,48,0.4,24,1.0,0.05,1000,20,1,100,500,-500,sweep_20bees_100plants_r6,2025-12-12T11:41:40.860375
1763.4264423261943,0.8014999999999999,2.5,0.25,25,0.09925,0.056282472360500636,59,1985.0,50,0.4,24,1.0,0.05,1000,20,1,100,500,-500,sweep_20bees_100plants_r7,2025-12-12T11:41:43.647678
1755.1400918353634,0.7685,3.0,0.28,28,0.11575,0.06594915160245661,69,2315.0,60,0.4,24,1.0,0.05,1000,20,1,100,500,-500,sweep_20bees_100plants_r8,2025-12-12T11:41:46.078375
1792.7702410839643,0.8725,1.7,0.15,15,0.06375,0.035559492532325154,38,1275.0,34,0.4,24,1.0,0.05,1000,20,1,100,500,-500,sweep_20bees_100plants_r9,2025-12-12T11:41:49.158181
2186.577774468895,0.73,0.2,0.3,3,0.0135,0.006174031474036664,8,270.0,4,0.4,24,1.0,0.05,1000,20,1,10,500,-500,sweep_20bees_10plants_r0,2025-12-12T11:04:16.056950
1991.9952167942697,0.495,0.45,0.6,6,0.02525,0.012675733248313207,15,505.0,9,0.4,24,1.0,0.05,1000,20,1,10,500,-500,sweep_20bees_10plants_r1,2025-12-12T11:04:16.542449
2155.5054183402567,0.495,0.45,0.6,6,0.02525,0.011714189992360374,15,505.0,9,0.4,24,1.0,0.05,1000,20,1,10,500,-500,sweep_20bees_10plants_r2,2025-12-12T11:04:17.023175
1919.3675277605162,0.32999999999999996,0.95,0.8,8,0.0335,0.017453666124635964,20,670.0,19,0.4,24,1.0,0.05,1000,20,1,10,500,-500,sweep_20bees_10plants_r3,2025-12-12T11:04:17.485790
2165.5431752643917,0.5900000000000001,0.35,0.7,7,0.0205,0.00946644714091057,12,410.0,7,0.4,24,1.0,0.05,1000,20,1,10,500,-500,sweep_20bees_10plants_r4,2025-12-12T11:04:18.005686
2310.036175156891,0.62,0.4,0.7,7,0.019,0.008224979419947643,11,380.0,8,0.4,24,1.0,0.05,1000,20,1,10,500,-500,sweep_20bees_10plants_r5,2025-12-12T11:04:18.515373
2053.354607327559,0.43,0.65,0.6,6,0.0285,0.013879726326030335,17,570.0,13,0.4,24,1.0,0.05,1000,20,1,10,500,-500,sweep_20bees_10plants_r6,2025-12-12T11:04:19.004596
2152.3697052419975,0.76,0.2,0.5,5,0.012,0.005575250372078064,7,240.0,4,0.4,24,1.0,0.05,1000,20,1,10,500,-500,sweep_20bees_10plants_r7,2025-12-12T11:04:19.537574
2092.7266374223027,0.6900000000000001,0.35,0.4,4,0.0155,0.007406605202431974,9,310.0,7,0.4,24,1.0,0.05,1000,20,1,10,500,-500,sweep_20bees_10plants_r8,2025-12-12T11:04:20.097590
2159.9329477893625,0.7300000000000001,0.3,0.4,4,0.0135,0.006250194022836178,8,270.0,6,0.4,24,1.0,0.05,1000,20,1,10,500,-500,sweep_20bees_10plants_r9,2025-12-12T11:04:20.682793
1970.2330040632528,0.65,1.05,0.4,10,0.04375,0.022205495446362668,26,875.0,21,0.4,24,1.0,0.05,1000,20,1,25,500,-500,sweep_20bees_25plants_r0,2025-12-12T11:07:25.940377
2037.585730390611,0.772,0.75,0.28,7,0.0285,0.013987141534671265,17,570.0,15,0.4,24,1.0,0.05,1000,20,1,25,500,-500,sweep_20bees_25plants_r1,2025-12-12T11:07:26.923469
2153.5027255820487,0.7559999999999999,0.55,0.4,10,0.0305,0.014162972555215345,18,610.0,11,0.4,24,1.0,0.05,1000,20,1,25,500,-500,sweep_20bees_25plants_r2,2025-12-12T11:07:27.928042
1931.9190885522264,0.634,1.15,0.48,12,0.04575,0.02368111598000975,27,915.0,23,0.4,24,1.0,0.05,1000,20,1,25,500,-500,sweep_20bees_25plants_r3,2025-12-12T11:07:28.825265
1966.7670223330672,0.488,1.6,0.68,17,0.064,0.03254071238396113,38,1280.0,32,0.4,24,1.0,0.05,1000,20,1,25,500,-500,sweep_20bees_25plants_r4,2025-12-12T11:07:29.622299
2005.0204493548085,0.758,0.65,0.32,8,0.03025,0.015087127919186104,18,605.0,13,0.4,24,1.0,0.05,1000,20,1,25,500,-500,sweep_20bees_25plants_r5,2025-12-12T11:07:30.714984
1829.1560513344987,0.5820000000000001,1.45,0.52,13,0.05225,0.028565086047130823,31,1045.0,29,0.4,24,1.0,0.05,1000,20,1,25,500,-500,sweep_20bees_25plants_r6,2025-12-12T11:07:31.610641
1926.1263849744482,0.65,1.05,0.44,11,0.04375,0.022713981980253276,26,875.0,21,0.4,24,1.0,0.05,1000,20,1,25,500,-500,sweep_20bees_25plants_r7,2025-12-12T11:07:32.481015
1889.4689616627134,0.568,1.45,0.52,13,0.054,0.028579458618087358,32,1080.0,29,0.4,24,1.0,0.05,1000,20,1,25,500,-500,sweep_20bees_25plants_r8,2025-12-12T11:07:33.283083
2042.4550297107282,0.6619999999999999,0.95,0.48,12,0.04225,0.020685889963503307,25,845.0,19,0.4,24,1.0,0.05,1000,20,1,25,500,-500,sweep_20bees_25plants_r9,2025-12-12T11:07:34.181227
1854.1627987727566,0.818,1.2,0.24,12,0.0455,0.02453937703319028,27,910.0,24,0.4,24,1.0,0.05,1000,20,1,50,500,-500,sweep_20bees_50plants_r0,2025-12-12T11:13:57.264092
1961.672515718755,0.784,1.15,0.3,15,0.054,0.027527530496197248,32,1080.0,23,0.4,24,1.0,0.05,1000,20,1,50,500,-500,sweep_20bees_50plants_r1,2025-12-12T11:13:58.858784
1717.1146263575422,0.6839999999999999,1.9,0.4,20,0.079,0.046007411961529944,47,1580.0,38,0.4,24,1.0,0.05,1000,20,1,50,500,-500,sweep_20bees_50plants_r2,2025-12-12T11:14:00.333196
2028.9829305261133,0.7580000000000001,1.45,0.3,15,0.0605,0.029817895010241614,36,1210.0,29,0.4,24,1.0,0.05,1000,20,1,50,500,-500,sweep_20bees_50plants_r3,2025-12-12T11:14:01.929552
1991.2765752750079,0.865,0.9,0.16,8,0.03375,0.016948926341554996,20,675.0,18,0.4,24,1.0,0.05,1000,20,1,50,500,-500,sweep_20bees_50plants_r4,2025-12-12T11:14:03.838206
1624.7946998977127,0.657,2.25,0.42,21,0.08575,0.05277589839836276,51,1715.0,45,0.4,24,1.0,0.05,1000,20,1,50,500,-500,sweep_20bees_50plants_r5,2025-12-12T11:14:05.147828
1813.313657888173,0.708,1.7,0.42,21,0.073,0.04025778975547864,43,1460.0,34,0.4,24,1.0,0.05,1000,20,1,50,500,-500,sweep_20bees_50plants_r6,2025-12-12T11:14:06.561916
2057.2156517144404,0.8240000000000001,1.05,0.22,11,0.044,0.021388132043099774,26,880.0,21,0.4,24,1.0,0.05,1000,20,1,50,500,-500,sweep_20bees_50plants_r7,2025-12-12T11:14:08.449829
1794.374650311162,0.735,1.55,0.4,20,0.06625,0.036920940667831886,39,1325.0,31,0.4,24,1.0,0.05,1000,20,1,50,500,-500,sweep_20bees_50plants_r8,2025-12-12T11:14:09.930568
1992.6282549875766,0.857,0.8,0.22,11,0.03575,0.01794112871305385,21,715.0,16,0.4,24,1.0,0.05,1000,20,1,50,500,-500,sweep_20bees_50plants_r9,2025-12-12T11:14:11.748722
1731.053971601786,0.78,1.85,0.26666666666666666,20,0.0825,0.0476588259831441,49,1650.0,37,0.4,24,1.0,0.05,1000,20,1,75,500,-500,sweep_20bees_75plants_r0,2025-12-12T11:25:30.170136
1806.5098137040852,0.7613333333333333,2.2,0.3466666666666667,26,0.0895,0.04954304666437894,53,1790.0,44,0.4,24,1.0,0.05,1000,20,1,75,500,-500,sweep_20bees_75plants_r1,2025-12-12T11:25:32.137849
1813.3298986267862,0.798,2.0,0.25333333333333335,19,0.07575,0.04177397618456774,45,1515.0,40,0.4,24,1.0,0.05,1000,20,1,75,500,-500,sweep_20bees_75plants_r2,2025-12-12T11:25:34.162126
1703.7605899100224,0.776,2.3,0.26666666666666666,20,0.084,0.049302701622201586,50,1680.0,46,0.4,24,1.0,0.05,1000,20,1,75,500,-500,sweep_20bees_75plants_r3,2025-12-12T11:25:36.178141
1766.2144524081946,0.8513333333333334,1.35,0.2,15,0.05575,0.0315646833961675,33,1115.0,27,0.4,24,1.0,0.05,1000,20,1,75,500,-500,sweep_20bees_75plants_r4,2025-12-12T11:25:38.464216
1700.256395414574,0.7766666666666666,2.25,0.25333333333333335,19,0.08375,0.04925727685886999,50,1675.0,45,0.4,24,1.0,0.05,1000,20,1,75,500,-500,sweep_20bees_75plants_r5,2025-12-12T11:25:40.554844
1952.430666398696,0.8293333333333334,1.5,0.22666666666666666,17,0.064,0.03277965312747801,38,1280.0,30,0.4,24,1.0,0.05,1000,20,1,75,500,-500,sweep_20bees_75plants_r6,2025-12-12T11:25:42.960597
1757.2670671620886,0.762,2.15,0.28,21,0.08925,0.05078909271550564,53,1785.0,43,0.4,24,1.0,0.05,1000,20,1,75,500,-500,sweep_20bees_75plants_r7,2025-12-12T11:25:44.983885
1672.058430159869,0.7886666666666666,2.05,0.25333333333333335,19,0.07925,0.04739666902216015,47,1585.0,41,0.4,24,1.0,0.05,1000,20,1,75,500,-500,sweep_20bees_75plants_r8,2025-12-12T11:25:47.034230
2000.7043259088107,0.8206666666666668,1.85,0.22666666666666666,17,0.06725,0.03361316268932042,40,1345.0,37,0.4,24,1.0,0.05,1000,20,1,75,500,-500,sweep_20bees_75plants_r9,2025-12-12T11:25:49.297245
2922.3845114024425,0.8390000000000001,1.3333333333333333,0.18,18,0.05366666666666667,0.018363999144285163,48,1610.0,40,0.4,24,1.0,0.05,1000,30,1,100,500,-500,sweep_30bees_100plants_r0,2025-12-12T11:41:54.199771
1984.9595052826458,0.8125,1.5666666666666667,0.21,21,0.0625,0.031486788437580945,56,1875.0,47,0.4,24,1.0,0.05,1000,30,1,100,500,-500,sweep_30bees_100plants_r1,2025-12-12T11:41:58.957724
1799.1054450964266,0.7655000000000001,2.033333333333333,0.28,28,0.07816666666666666,0.0434475182539827,70,2345.0,61,0.4,24,1.0,0.05,1000,30,1,100,500,-500,sweep_30bees_100plants_r2,2025-12-12T11:42:02.791296
1704.5315548799272,0.7855000000000001,1.7333333333333334,0.25,25,0.0715,0.04194700872230945,64,2145.0,52,0.4,24,1.0,0.05,1000,30,1,100,500,-500,sweep_30bees_100plants_r3,2025-12-12T11:42:07.091085
1859.7607950833603,0.8490000000000001,1.1333333333333333,0.18,18,0.050333333333333334,0.027064412512834604,45,1510.0,34,0.4,24,1.0,0.05,1000,30,1,100,500,-500,sweep_30bees_100plants_r4,2025-12-12T11:42:11.911913
1905.3748159609156,0.8015000000000001,1.7,0.24,24,0.06616666666666667,0.034726325819152595,59,1985.0,51,0.4,24,1.0,0.05,1000,30,1,100,500,-500,sweep_30bees_100plants_r5,2025-12-12T11:42:16.425561
1812.4735362307827,0.8045,1.5666666666666667,0.24,24,0.06516666666666666,0.03595454795008327,58,1955.0,47,0.4,24,1.0,0.05,1000,30,1,100,500,-500,sweep_30bees_100plants_r6,2025-12-12T11:42:20.868768
1738.3499620727878,0.8045,1.5666666666666667,0.24,24,0.06516666666666666,0.03748765673683032,58,1955.0,47,0.4,24,1.0,0.05,1000,30,1,100,500,-500,sweep_30bees_100plants_r7,2025-12-12T11:42:25.524372
1861.8966339384483,0.8390000000000001,1.3333333333333333,0.18,18,0.05366666666666667,0.028823655238661768,48,1610.0,40,0.4,24,1.0,0.05,1000,30,1,100,500,-500,sweep_30bees_100plants_r8,2025-12-12T11:42:30.342439
1738.4178120703955,0.8024999999999999,1.8,0.22,22,0.06583333333333333,0.03786968407492794,59,1975.0,54,0.4,24,1.0,0.05,1000,30,1,100,500,-500,sweep_30bees_100plants_r9,2025-12-12T11:42:34.787467
2123.321231025036,0.29,0.6,0.9,9,0.023666666666666666,0.011146060389195822,21,710.0,18,0.4,24,1.0,0.05,1000,30,1,10,500,-500,sweep_30bees_10plants_r0,2025-12-12T11:04:21.437668
2227.0658881040436,0.6599999999999999,0.13333333333333333,0.4,4,0.011333333333333334,0.005088907963554541,10,340.0,4,0.4,24,1.0,0.05,1000,30,1,10,500,-500,sweep_30bees_10plants_r1,2025-12-12T11:04:22.264300
2151.2154451427805,0.39499999999999996,0.43333333333333335,0.7,7,0.020166666666666666,0.009374545312140117,18,605.0,13,0.4,24,1.0,0.05,1000,30,1,10,500,-500,sweep_30bees_10plants_r2,2025-12-12T11:04:22.971626
2013.6899710355312,0.43,0.43333333333333335,0.7,7,0.019,0.009435414722867857,17,570.0,13,0.4,24,1.0,0.05,1000,30,1,10,500,-500,sweep_30bees_10plants_r3,2025-12-12T11:04:23.712414
2187.6159741310407,0.4600000000000001,0.4,0.8,8,0.018,0.008228135199620635,16,540.0,12,0.4,24,1.0,0.05,1000,30,1,10,500,-500,sweep_30bees_10plants_r4,2025-12-12T11:04:24.448266
2088.1509291496745,0.26,0.6333333333333333,0.9,9,0.024666666666666667,0.011812683806678327,22,740.0,19,0.4,24,1.0,0.05,1000,30,1,10,500,-500,sweep_30bees_10plants_r5,2025-12-12T11:04:25.102883
2104.0008614060966,0.29,0.5333333333333333,0.9,9,0.023666666666666666,0.011248411110844467,21,710.0,16,0.4,24,1.0,0.05,1000,30,1,10,500,-500,sweep_30bees_10plants_r6,2025-12-12T11:04:25.770868
2235.2652152846795,0.595,0.3,0.6,6,0.0135,0.0060395517756404865,12,405.0,9,0.4,24,1.0,0.05,1000,30,1,10,500,-500,sweep_30bees_10plants_r7,2025-12-12T11:04:26.526656
2166.6922887660057,0.5900000000000001,0.3333333333333333,0.6,6,0.013666666666666667,0.006307617716427205,12,410.0,10,0.4,24,1.0,0.05,1000,30,1,10,500,-500,sweep_30bees_10plants_r8,2025-12-12T11:04:27.297354
2265.7347990648614,0.69,0.13333333333333333,0.5,5,0.010333333333333333,0.0045606985149357375,9,310.0,4,0.4,24,1.0,0.05,1000,30,1,10,500,-500,sweep_30bees_10plants_r9,2025-12-12T11:04:28.088740
2036.296050560605,0.5559999999999999,0.8666666666666667,0.52,13,0.037,0.01817024591773562,33,1110.0,26,0.4,24,1.0,0.05,1000,30,1,25,500,-500,sweep_30bees_25plants_r0,2025-12-12T11:07:35.573053
1957.8205582775079,0.5139999999999999,1.0,0.64,16,0.0405,0.02068626760954637,36,1215.0,30,0.4,24,1.0,0.05,1000,30,1,25,500,-500,sweep_30bees_25plants_r1,2025-12-12T11:07:36.884139
2028.3749363288616,0.606,0.7,0.6,15,0.03283333333333333,0.0161870139219715,29,985.0,21,0.4,24,1.0,0.05,1000,30,1,25,500,-500,sweep_30bees_25plants_r2,2025-12-12T11:07:38.333514
2060.1175212055527,0.65,0.7,0.44,11,0.029166666666666667,0.014157768363427504,26,875.0,21,0.4,24,1.0,0.05,1000,30,1,25,500,-500,sweep_30bees_25plants_r3,2025-12-12T11:07:39.826901
2181.6884978214066,0.556,0.8666666666666667,0.52,13,0.037,0.016959341371120356,33,1110.0,26,0.4,24,1.0,0.05,1000,30,1,25,500,-500,sweep_30bees_25plants_r4,2025-12-12T11:07:41.215062
1958.6662273627169,0.7040000000000001,0.4666666666666667,0.36,9,0.024666666666666667,0.01259360391376103,22,740.0,14,0.4,24,1.0,0.05,1000,30,1,25,500,-500,sweep_30bees_25plants_r5,2025-12-12T11:07:42.745249
1983.9209180396242,0.542,0.9,0.56,14,0.03816666666666667,0.01923799800668485,34,1145.0,27,0.4,24,1.0,0.05,1000,30,1,25,500,-500,sweep_30bees_25plants_r6,2025-12-12T11:07:44.112391
1971.414414533244,0.45,1.1333333333333333,0.64,16,0.04583333333333333,0.02324895922209482,41,1375.0,34,0.4,24,1.0,0.05,1000,30,1,25,500,-500,sweep_30bees_25plants_r7,2025-12-12T11:07:45.372424
1982.1282831955536,0.634,0.7666666666666667,0.52,13,0.0305,0.015387500525863249,27,915.0,23,0.4,24,1.0,0.05,1000,30,1,25,500,-500,sweep_30bees_25plants_r8,2025-12-12T11:07:46.822194
2942.3031962167734,0.606,0.7666666666666667,0.6,15,0.03283333333333333,0.011159058446305119,29,985.0,23,0.4,24,1.0,0.05,1000,30,1,25,500,-500,sweep_30bees_25plants_r9,2025-12-12T11:07:48.232489
1871.086833702151,0.725,1.1,0.32,16,0.04583333333333333,0.024495567232786862,41,1375.0,33,0.4,24,1.0,0.05,1000,30,1,50,500,-500,sweep_30bees_50plants_r0,2025-12-12T11:14:14.417553
1860.9553579777182,0.67,1.3,0.42,21,0.055,0.029554712188135428,49,1650.0,39,0.4,24,1.0,0.05,1000,30,1,50,500,-500,sweep_30bees_50plants_r1,2025-12-12T11:14:16.817111
1837.4822058441687,0.555,1.7666666666666666,0.54,27,0.07416666666666667,0.04036320266437264,66,2225.0,53,0.4,24,1.0,0.05,1000,30,1,50,500,-500,sweep_30bees_50plants_r2,2025-12-12T11:14:18.899600
1866.9795888347232,0.6579999999999999,1.4666666666666666,0.38,19,0.057,0.03053059623194734,51,1710.0,44,0.4,24,1.0,0.05,1000,30,1,50,500,-500,sweep_30bees_50plants_r3,2025-12-12T11:14:21.325485
1947.0872474763241,0.811,0.7,0.26,13,0.0315,0.01617801156102689,28,945.0,21,0.4,24,1.0,0.05,1000,30,1,50,500,-500,sweep_30bees_50plants_r4,2025-12-12T11:14:24.133986
1881.3486170451972,0.71,1.2666666666666666,0.38,19,0.04833333333333333,0.025690790582579295,43,1450.0,38,0.4,24,1.0,0.05,1000,30,1,50,500,-500,sweep_30bees_50plants_r5,2025-12-12T11:14:26.744505
1880.5226240679265,0.705,1.2666666666666666,0.34,17,0.049166666666666664,0.026145214121545562,44,1475.0,38,0.4,24,1.0,0.05,1000,30,1,50,500,-500,sweep_30bees_50plants_r6,2025-12-12T11:14:29.314115
1842.49636134073,0.655,1.4,0.42,21,0.0575,0.031207660002193414,51,1725.0,42,0.4,24,1.0,0.05,1000,30,1,50,500,-500,sweep_30bees_50plants_r7,2025-12-12T11:14:31.720541
1743.3868961147584,0.684,1.2,0.4,20,0.05266666666666667,0.03020939688375396,47,1580.0,36,0.4,24,1.0,0.05,1000,30,1,50,500,-500,sweep_30bees_50plants_r8,2025-12-12T11:14:34.032525
2114.133984371054,0.764,1.1,0.28,14,0.03933333333333333,0.018604938771198475,35,1180.0,33,0.4,24,1.0,0.05,1000,30,1,50,500,-500,sweep_30bees_50plants_r9,2025-12-12T11:14:36.873387
2307.4773928076975,0.8520000000000001,1.0,0.17333333333333334,13,0.037,0.016034826653265305,33,1110.0,30,0.4,24,1.0,0.05,1000,30,1,75,500,-500,sweep_30bees_75plants_r0,2025-12-12T11:25:53.514687
1680.2886853926082,0.6993333333333333,1.9,0.38666666666666666,29,0.07516666666666667,0.044734376491444135,67,2255.0,57,0.4,24,1.0,0.05,1000,30,1,75,500,-500,sweep_30bees_75plants_r1,2025-12-12T11:25:56.839837
2122.3775164759722,0.8606666666666666,0.6666666666666666,0.17333333333333334,13,0.034833333333333334,0.016412411582257584,31,1045.0,20,0.4,24,1.0,0.05,1000,30,1,75,500,-500,sweep_30bees_75plants_r2,2025-12-12T11:26:00.945459
1779.4869684286334,0.7166666666666666,1.8333333333333333,0.3466666666666667,26,0.07083333333333333,0.039805480225506985,63,2125.0,55,0.4,24,1.0,0.05,1000,30,1,75,500,-500,sweep_30bees_75plants_r3,2025-12-12T11:26:04.181239
2025.4163202401853,0.7813333333333332,1.3666666666666667,0.24,18,0.05466666666666667,0.026990335823987036,49,1640.0,41,0.4,24,1.0,0.05,1000,30,1,75,500,-500,sweep_30bees_75plants_r4,2025-12-12T11:26:07.898076
1743.9480528213742,0.7446666666666667,1.5333333333333334,0.30666666666666664,23,0.06383333333333334,0.0366027722156421,57,1915.0,46,0.4,24,1.0,0.05,1000,30,1,75,500,-500,sweep_30bees_75plants_r5,2025-12-12T11:26:11.252021
1695.0416265706765,0.6819999999999999,2.0,0.36,27,0.0795,0.0469015030390967,71,2385.0,60,0.4,24,1.0,0.05,1000,30,1,75,500,-500,sweep_30bees_75plants_r6,2025-12-12T11:26:14.449453
1873.0909993872224,0.758,1.6,0.29333333333333333,22,0.0605,0.032299551927691954,54,1815.0,48,0.4,24,1.0,0.05,1000,30,1,75,500,-500,sweep_30bees_75plants_r7,2025-12-12T11:26:17.782550
2043.2752122508089,0.7226666666666666,1.6666666666666667,0.3466666666666667,26,0.06933333333333333,0.03393244968550168,62,2080.0,50,0.4,24,1.0,0.05,1000,30,1,75,500,-500,sweep_30bees_75plants_r8,2025-12-12T11:26:20.776440
1770.5690209549964,0.664,2.0,0.41333333333333333,31,0.084,0.04744237530751143,75,2520.0,60,0.4,24,1.0,0.05,1000,30,1,75,500,-500,sweep_30bees_75plants_r9,2025-12-12T11:26:23.549457
1809.3747271899053,0.723,1.775,0.37,37,0.06925,0.03827289005387537,82,2770.0,71,0.4,24,1.0,0.05,1000,40,1,100,500,-500,sweep_40bees_100plants_r0,2025-12-12T11:42:40.446351
1888.0826613636273,0.802,1.25,0.25,25,0.0495,0.02621707248995639,59,1980.0,50,0.4,24,1.0,0.05,1000,40,1,100,500,-500,sweep_40bees_100plants_r1,2025-12-12T11:42:47.035706
1712.6318263666897,0.7140000000000001,1.825,0.36,36,0.0715,0.04174861105535196,85,2860.0,73,0.4,24,1.0,0.05,1000,40,1,100,500,-500,sweep_40bees_100plants_r2,2025-12-12T11:42:52.710569
1892.95299536423,0.7240000000000001,1.8,0.34,34,0.069,0.03645098434508325,82,2760.0,72,0.4,24,1.0,0.05,1000,40,1,100,500,-500,sweep_40bees_100plants_r3,2025-12-12T11:42:58.232878
1739.3854808587828,0.6775,2.025,0.39,39,0.080625,0.04635257732529376,96,3225.0,81,0.4,24,1.0,0.05,1000,40,1,100,500,-500,sweep_40bees_100plants_r4,2025-12-12T11:43:03.325685
1957.1663236790635,0.7250000000000001,1.725,0.32,32,0.06875,0.03512731604269809,82,2750.0,69,0.4,24,1.0,0.05,1000,40,1,100,500,-500,sweep_40bees_100plants_r5,2025-12-12T11:43:08.800682
1838.1826572441519,0.7885,1.35,0.24,24,0.052875,0.028764823665169102,63,2115.0,54,0.4,24,1.0,0.05,1000,40,1,100,500,-500,sweep_40bees_100plants_r6,2025-12-12T11:43:15.004577
1862.2468915483303,0.7780000000000001,1.375,0.27,27,0.0555,0.029802707821332736,66,2220.0,55,0.4,24,1.0,0.05,1000,40,1,100,500,-500,sweep_40bees_100plants_r7,2025-12-12T11:43:21.335123
1995.5872768041838,0.8420000000000001,0.9,0.21,21,0.0395,0.019793671997777484,47,1580.0,36,0.4,24,1.0,0.05,1000,40,1,100,500,-500,sweep_40bees_100plants_r8,2025-12-12T11:43:27.873373
2015.2365623897554,0.8220000000000002,1.025,0.21,21,0.0445,0.02208177483006261,53,1780.0,41,0.4,24,1.0,0.05,1000,40,1,100,500,-500,sweep_40bees_100plants_r9,2025-12-12T11:43:34.198921
2257.978308654735,0.4600000000000001,0.275,0.7,7,0.0135,0.005978799684768925,16,540.0,11,0.4,24,1.0,0.05,1000,40,1,10,500,-500,sweep_40bees_10plants_r0,2025-12-12T11:04:29.060966
2193.540800550369,0.595,0.175,0.6,6,0.010125,0.004615824787694668,12,405.0,7,0.4,24,1.0,0.05,1000,40,1,10,500,-500,sweep_40bees_10plants_r1,2025-12-12T11:04:30.094927
2348.83085276934,0.79,0.025,0.4,4,0.00525,0.0022351545637311846,6,210.0,1,0.4,24,1.0,0.05,1000,40,1,10,500,-500,sweep_40bees_10plants_r2,2025-12-12T11:04:31.216128
2176.121244124585,0.45999999999999996,0.25,0.7,7,0.0135,0.006203698454968584,16,540.0,10,0.4,24,1.0,0.05,1000,40,1,10,500,-500,sweep_40bees_10plants_r3,2025-12-12T11:04:32.196093
2067.941735431724,0.43,0.325,0.7,7,0.01425,0.006890909814257911,17,570.0,13,0.4,24,1.0,0.05,1000,40,1,10,500,-500,sweep_40bees_10plants_r4,2025-12-12T11:04:33.168344
2287.474996303168,0.125,0.475,1.0,10,0.021875,0.009562946058581013,26,875.0,19,0.4,24,1.0,0.05,1000,40,1,10,500,-500,sweep_40bees_10plants_r5,2025-12-12T11:04:34.129345
2351.244763464553,0.625,0.175,0.7,7,0.009375,0.003987249709462812,11,375.0,7,0.4,24,1.0,0.05,1000,40,1,10,500,-500,sweep_40bees_10plants_r6,2025-12-12T11:04:35.244064
2202.960678304682,0.22999999999999998,0.55,0.9,9,0.01925,0.008738240400556808,23,770.0,22,0.4,24,1.0,0.05,1000,40,1,10,500,-500,sweep_40bees_10plants_r7,2025-12-12T11:04:36.153576
2253.3988631431444,0.53,0.175,0.6,6,0.01175,0.005214345401599502,14,470.0,7,0.4,24,1.0,0.05,1000,40,1,10,500,-500,sweep_40bees_10plants_r8,2025-12-12T11:04:37.203934
2243.3983411230015,0.365,0.425,0.7,7,0.015875,0.0070763179721588295,19,635.0,17,0.4,24,1.0,0.05,1000,40,1,10,500,-500,sweep_40bees_10plants_r9,2025-12-12T11:04:38.105601
2071.481749851446,0.544,0.6,0.56,14,0.0285,0.013758267482705967,34,1140.0,24,0.4,24,1.0,0.05,1000,40,1,25,500,-500,sweep_40bees_25plants_r0,2025-12-12T11:07:50.116264
2064.6267071370376,0.582,0.525,0.48,12,0.026125,0.012653619131095535,31,1045.0,21,0.4,24,1.0,0.05,1000,40,1,25,500,-500,sweep_40bees_25plants_r1,2025-12-12T11:07:52.124040
2077.904925265222,0.53,0.725,0.6,15,0.029375,0.014136835445563323,35,1175.0,29,0.4,24,1.0,0.05,1000,40,1,25,500,-500,sweep_40bees_25plants_r2,2025-12-12T11:07:53.978085
1984.7005281005997,0.462,0.85,0.68,17,0.033625,0.016942102611410013,40,1345.0,34,0.4,24,1.0,0.05,1000,40,1,25,500,-500,sweep_40bees_25plants_r3,2025-12-12T11:07:55.645291
2173.559603434097,0.3940000000000001,0.875,0.72,18,0.037875,0.017425333052822532,45,1515.0,35,0.4,24,1.0,0.05,1000,40,1,25,500,-500,sweep_40bees_25plants_r4,2025-12-12T11:07:57.385434
2029.3556265946768,0.5700000000000001,0.575,0.56,14,0.026875,0.01324311995778537,32,1075.0,23,0.4,24,1.0,0.05,1000,40,1,25,500,-500,sweep_40bees_25plants_r5,2025-12-12T11:07:59.314135
1975.5407896758727,0.44800000000000006,0.8,0.64,16,0.0345,0.01746357259758753,41,1380.0,32,0.4,24,1.0,0.05,1000,40,1,25,500,-500,sweep_40bees_25plants_r6,2025-12-12T11:08:01.075228
2088.8422639372475,0.6779999999999999,0.475,0.36,9,0.020125,0.009634523557593332,24,805.0,19,0.4,24,1.0,0.05,1000,40,1,25,500,-500,sweep_40bees_25plants_r7,2025-12-12T11:08:03.142745
2171.3241286532552,0.61,0.55,0.48,12,0.024375,0.011225868896468432,29,975.0,22,0.4,24,1.0,0.05,1000,40,1,25,500,-500,sweep_40bees_25plants_r8,2025-12-12T11:08:05.202765
2084.208465689921,0.6100000000000001,0.575,0.48,12,0.024375,0.011695087320322976,29,975.0,23,0.4,24,1.0,0.05,1000,40,1,25,500,-500,sweep_40bees_25plants_r9,2025-12-12T11:08:07.156829
1789.9370508083532,0.49,1.6,0.56,28,0.06375,0.035615777644923255,76,2550.0,64,0.4,24,1.0,0.05,1000,40,1,50,500,-500,sweep_40bees_50plants_r0,2025-12-12T11:14:39.935449
1923.1859137702784,0.5690000000000001,1.35,0.5,25,0.053875,0.028013412335358485,64,2155.0,54,0.4,24,1.0,0.05,1000,40,1,50,500,-500,sweep_40bees_50plants_r1,2025-12-12T11:14:43.455119
2153.3405446424977,0.589,1.275,0.5,25,0.051375,0.02385827923401191,61,2055.0,51,0.4,24,1.0,0.05,1000,40,1,50,500,-500,sweep_40bees_50plants_r2,2025-12-12T11:14:47.010563
2008.4379043365566,0.7380000000000001,0.85,0.3,15,0.03275,0.01630620490147453,39,1310.0,34,0.4,24,1.0,0.05,1000,40,1,50,500,-500,sweep_40bees_50plants_r3,2025-12-12T11:14:51.434958
1892.1206297257918,0.6509999999999999,1.15,0.4,20,0.043625,0.023056140985219416,52,1745.0,46,0.4,24,1.0,0.05,1000,40,1,50,500,-500,sweep_40bees_50plants_r4,2025-12-12T11:14:55.023247
1818.347411344471,0.5710000000000001,1.4,0.5,25,0.053625,0.029491064064787333,64,2145.0,56,0.4,24,1.0,0.05,1000,40,1,50,500,-500,sweep_40bees_50plants_r5,2025-12-12T11:14:58.026071
1946.973796880126,0.518,1.475,0.52,26,0.06025,0.030945460127170657,72,2410.0,59,0.4,24,1.0,0.05,1000,40,1,50,500,-500,sweep_40bees_50plants_r6,2025-12-12T11:15:00.944232
1998.3784784414318,0.716,0.85,0.36,18,0.0355,0.017764402680961133,42,1420.0,34,0.4,24,1.0,0.05,1000,40,1,50,500,-500,sweep_40bees_50plants_r7,2025-12-12T11:15:04.508925
1934.5575945339654,0.5509999999999999,1.425,0.52,26,0.056125,0.029011801022920957,67,2245.0,57,0.4,24,1.0,0.05,1000,40,1,50,500,-500,sweep_40bees_50plants_r8,2025-12-12T11:15:07.647543
2040.3936623219765,0.645,1.175,0.42,21,0.044375,0.021748254182235142,53,1775.0,47,0.4,24,1.0,0.05,1000,40,1,50,500,-500,sweep_40bees_50plants_r9,2025-12-12T11:15:11.051625
1809.2988933699132,0.7226666666666666,1.35,0.32,24,0.052,0.028740414417181948,62,2080.0,54,0.4,24,1.0,0.05,1000,40,1,75,500,-500,sweep_40bees_75plants_r0,2025-12-12T11:26:28.331274
1807.8936264654567,0.6826666666666668,1.6,0.3466666666666667,26,0.0595,0.032911228364871314,71,2380.0,64,0.4,24,1.0,0.05,1000,40,1,75,500,-500,sweep_40bees_75plants_r1,2025-12-12T11:26:32.860814
3503.9653676243493,0.78,0.975,0.30666666666666664,23,0.04125,0.011772376628244775,49,1650.0,39,0.4,24,1.0,0.05,1000,40,1,75,500,-500,sweep_40bees_75plants_r2,2025-12-12T11:26:38.174251
1850.7088681840294,0.66,1.725,0.4,30,0.06375,0.034446260617183616,76,2550.0,69,0.4,24,1.0,0.05,1000,40,1,75,500,-500,sweep_40bees_75plants_r3,2025-12-12T11:26:42.526121
1918.0815766542128,0.7713333333333333,0.975,0.28,21,0.042875,0.022353063874785032,51,1715.0,39,0.4,24,1.0,0.05,1000,40,1,75,500,-500,sweep_40bees_75plants_r4,2025-12-12T11:26:47.518821
1949.5609528326895,0.7133333333333334,1.275,0.3466666666666667,26,0.05375,0.027570310085407626,64,2150.0,51,0.4,24,1.0,0.05,1000,40,1,75,500,-500,sweep_40bees_75plants_r5,2025-12-12T11:26:52.212018
1723.2090080452974,0.5826666666666666,1.925,0.5066666666666667,38,0.07825,0.045409465499929115,93,3130.0,77,0.4,24,1.0,0.05,1000,40,1,75,500,-500,sweep_40bees_75plants_r6,2025-12-12T11:26:56.159375
1919.7704545593347,0.7493333333333334,1.175,0.28,21,0.047,0.024482093621337873,56,1880.0,47,0.4,24,1.0,0.05,1000,40,1,75,500,-500,sweep_40bees_75plants_r7,2025-12-12T11:27:01.188508
1697.0014442996348,0.636,1.625,0.48,36,0.06825,0.04021799759172703,81,2730.0,65,0.4,24,1.0,0.05,1000,40,1,75,500,-500,sweep_40bees_75plants_r8,2025-12-12T11:27:05.036849
1966.6724801177375,0.7806666666666666,1.0,0.28,21,0.041125,0.020910955136534987,49,1645.0,40,0.4,24,1.0,0.05,1000,40,1,75,500,-500,sweep_40bees_75plants_r9,2025-12-12T11:27:10.377883
1786.3393521773346,0.6459999999999999,1.55,0.38,38,0.059,0.033028438817118394,106,3540.0,93,0.4,24,1.0,0.05,1000,60,1,100,500,-500,sweep_60bees_100plants_r0,2025-12-12T11:43:43.224563
1869.4005386302792,0.7225,1.2,0.31,31,0.04625,0.024740551339461816,83,2775.0,72,0.4,24,1.0,0.05,1000,60,1,100,500,-500,sweep_60bees_100plants_r1,2025-12-12T11:43:52.963037
1696.616929281087,0.624,1.6,0.42,42,0.06266666666666666,0.03693624977160909,112,3760.0,96,0.4,24,1.0,0.05,1000,60,1,100,500,-500,sweep_60bees_100plants_r2,2025-12-12T11:44:00.997155
1890.722081773883,0.7215,1.0833333333333333,0.33,33,0.04641666666666667,0.024549703583679715,83,2785.0,65,0.4,24,1.0,0.05,1000,60,1,100,500,-500,sweep_60bees_100plants_r3,2025-12-12T11:44:10.457751
1812.0105105519804,0.7010000000000001,1.2166666666666666,0.36,36,0.049833333333333334,0.027501680063739226,89,2990.0,73,0.4,24,1.0,0.05,1000,60,1,100,500,-500,sweep_60bees_100plants_r4,2025-12-12T11:44:19.806873
1776.7299294429197,0.7080000000000001,1.15,0.35,35,0.048666666666666664,0.02739114474304248,87,2920.0,69,0.4,24,1.0,0.05,1000,60,1,100,500,-500,sweep_60bees_100plants_r5,2025-12-12T11:44:28.623664
1941.1993691415241,0.778,0.85,0.28,28,0.037,0.01906038122007163,66,2220.0,51,0.4,24,1.0,0.05,1000,60,1,100,500,-500,sweep_60bees_100plants_r6,2025-12-12T11:44:39.448835
1965.1638448454237,0.7715000000000001,0.9,0.29,29,0.03808333333333333,0.019379215342896206,68,2285.0,54,0.4,24,1.0,0.05,1000,60,1,100,500,-500,sweep_60bees_100plants_r7,2025-12-12T11:44:49.563821
1809.9963586375848,0.6580000000000001,1.3833333333333333,0.4,40,0.057,0.031491776062414226,102,3420.0,83,0.4,24,1.0,0.05,1000,60,1,100,500,-500,sweep_60bees_100plants_r8,2025-12-12T11:44:58.068407
1757.4638564656793,0.582,1.7166666666666666,0.54,54,0.06966666666666667,0.039640454857927346,124,4180.0,103,0.4,24,1.0,0.05,1000,60,1,100,500,-500,sweep_60bees_100plants_r9,2025-12-12T11:45:05.422326
2313.9917172877254,0.45499999999999996,0.13333333333333333,0.8,8,0.009083333333333334,0.003925395784899388,16,545.0,8,0.4,24,1.0,0.05,1000,60,1,10,500,-500,sweep_60bees_10plants_r0,2025-12-12T11:04:39.664196
2185.2499728963885,0.43,0.25,0.6,6,0.0095,0.004347328734848786,17,570.0,15,0.4,24,1.0,0.05,1000,60,1,10,500,-500,sweep_60bees_10plants_r1,2025-12-12T11:04:41.076177
2258.3029452554083,0.6599999999999999,0.03333333333333333,0.6,6,0.005666666666666667,0.0025092588567765346,10,340.0,2,0.4,24,1.0,0.05,1000,60,1,10,500,-500,sweep_60bees_10plants_r2,2025-12-12T11:04:42.797656
2293.6907286751075,0.365,0.18333333333333332,0.7,7,0.010583333333333333,0.004614106514458699,19,635.0,11,0.4,24,1.0,0.05,1000,60,1,10,500,-500,sweep_60bees_10plants_r3,2025-12-12T11:04:44.253459
2299.539334670409,0.73,0.06666666666666667,0.3,3,0.0045,0.001956913687951757,8,270.0,4,0.4,24,1.0,0.05,1000,60,1,10,500,-500,sweep_60bees_10plants_r4,2025-12-12T11:04:45.899285
2272.960912812951,0.03,0.36666666666666664,1.0,10,0.016166666666666666,0.007112602146184408,29,970.0,22,0.4,24,1.0,0.05,1000,60,1,10,500,-500,sweep_60bees_10plants_r5,2025-12-12T11:04:47.213396
2232.493631820556,0.13,0.3,0.9,9,0.0145,0.006494979333121559,26,870.0,18,0.4,24,1.0,0.05,1000,60,1,10,500,-500,sweep_60bees_10plants_r6,2025-12-12T11:04:48.595486
2377.4279200239057,0.53,0.15,0.5,5,0.007833333333333333,0.003294877319878773,14,470.0,9,0.4,24,1.0,0.05,1000,60,1,10,500,-500,sweep_60bees_10plants_r7,2025-12-12T11:04:50.135073
2806.3681530692993,0.39499999999999996,0.18333333333333332,0.7,7,0.010083333333333333,0.003593018728603118,18,605.0,11,0.4,24,1.0,0.05,1000,60,1,10,500,-500,sweep_60bees_10plants_r8,2025-12-12T11:04:51.691430
2301.3601373721335,0.26,0.26666666666666666,0.8,8,0.012333333333333333,0.00535914963201564,22,740.0,16,0.4,24,1.0,0.05,1000,60,1,10,500,-500,sweep_60bees_10plants_r9,2025-12-12T11:04:53.179018
2072.2284608254836,0.516,0.45,0.56,14,0.020166666666666666,0.009731874186610276,36,1210.0,27,0.4,24,1.0,0.05,1000,60,1,25,500,-500,sweep_60bees_25plants_r0,2025-12-12T11:08:10.083802
2037.7896640464692,0.28800000000000003,0.65,0.84,21,0.029666666666666668,0.014558257503258273,53,1780.0,39,0.4,24,1.0,0.05,1000,60,1,25,500,-500,sweep_60bees_25plants_r1,2025-12-12T11:08:12.744594
2067.356574905813,0.544,0.5,0.52,13,0.019,0.009190480360585897,34,1140.0,30,0.4,24,1.0,0.05,1000,60,1,25,500,-500,sweep_60bees_25plants_r2,2025-12-12T11:08:15.664062
2142.745215051678,0.606,0.36666666666666664,0.6,15,0.016416666666666666,0.007661511294645797,29,985.0,22,0.4,24,1.0,0.05,1000,60,1,25,500,-500,sweep_60bees_25plants_r3,2025-12-12T11:08:18.931061
2088.333901100569,0.314,0.6333333333333333,0.88,22,0.028583333333333332,0.013687147116785148,51,1715.0,38,0.4,24,1.0,0.05,1000,60,1,25,500,-500,sweep_60bees_25plants_r4,2025-12-12T11:08:21.723220
2046.2560366057012,0.24799999999999997,0.75,0.88,22,0.03133333333333333,0.015312518459473233,56,1880.0,45,0.4,24,1.0,0.05,1000,60,1,25,500,-500,sweep_60bees_25plants_r5,2025-12-12T11:08:24.358129
2300.302753403726,0.408,0.6,0.72,18,0.024666666666666667,0.010723226162368298,44,1480.0,36,0.4,24,1.0,0.05,1000,60,1,25,500,-500,sweep_60bees_25plants_r6,2025-12-12T11:08:27.239168
2099.4589090569093,0.32799999999999996,0.6,0.76,19,0.028,0.013336769716811359,50,1680.0,36,0.4,24,1.0,0.05,1000,60,1,25,500,-500,sweep_60bees_25plants_r7,2025-12-12T11:08:29.973838
2073.473436796946,0.42200000000000004,0.6333333333333333,0.68,17,0.024083333333333335,0.011614970756768756,43,1445.0,38,0.4,24,1.0,0.05,1000,60,1,25,500,-500,sweep_60bees_25plants_r8,2025-12-12T11:08:32.772019
2034.842128187855,0.49,0.43333333333333335,0.6,15,0.02125,0.010443070597778688,38,1275.0,26,0.4,24,1.0,0.05,1000,60,1,25,500,-500,sweep_60bees_25plants_r9,2025-12-12T11:08:35.731351
1908.7212344023785,0.48900000000000005,1.0,0.6,30,0.042583333333333334,0.022309875620295173,76,2555.0,60,0.4,24,1.0,0.05,1000,60,1,50,500,-500,sweep_60bees_50plants_r0,2025-12-12T11:15:15.855348
1933.009514005635,0.5760000000000001,0.7666666666666667,0.52,26,0.035333333333333335,0.018278923656260045,63,2120.0,46,0.4,24,1.0,0.05,1000,60,1,50,500,-500,sweep_60bees_50plants_r1,2025-12-12T11:15:21.062228
2121.472678508931,0.596,0.7333333333333333,0.48,24,0.033666666666666664,0.015869479257366235,60,2020.0,44,0.4,24,1.0,0.05,1000,60,1,50,500,-500,sweep_60bees_50plants_r2,2025-12-12T11:15:26.519118
1952.9550580282842,0.389,1.2166666666666666,0.78,39,0.050916666666666666,0.026071601830956855,91,3055.0,73,0.4,24,1.0,0.05,1000,60,1,50,500,-500,sweep_60bees_50plants_r3,2025-12-12T11:15:30.890058
2030.0775518278517,0.631,0.7333333333333333,0.46,23,0.03075,0.015147204584530852,55,1845.0,44,0.4,24,1.0,0.05,1000,60,1,50,500,-500,sweep_60bees_50plants_r4,2025-12-12T11:15:36.292981
1906.9195777502653,0.34299999999999997,1.3333333333333333,0.74,37,0.05475,0.028711226545061037,98,3285.0,80,0.4,24,1.0,0.05,1000,60,1,50,500,-500,sweep_60bees_50plants_r5,2025-12-12T11:15:40.712524
1841.977090385259,0.4549999999999999,1.1333333333333333,0.68,34,0.04541666666666667,0.024656477490264297,81,2725.0,68,0.4,24,1.0,0.05,1000,60,1,50,500,-500,sweep_60bees_50plants_r6,2025-12-12T11:15:45.384260
1987.545109322595,0.545,0.9,0.5,25,0.03791666666666667,0.019077135149697114,68,2275.0,54,0.4,24,1.0,0.05,1000,60,1,50,500,-500,sweep_60bees_50plants_r7,2025-12-12T11:15:50.409964
2147.395035958906,0.63,0.75,0.44,22,0.030833333333333334,0.014358482168868801,55,1850.0,45,0.4,24,1.0,0.05,1000,60,1,50,500,-500,sweep_60bees_50plants_r8,2025-12-12T11:15:55.599404
2129.0302162688586,0.415,1.1833333333333333,0.7,35,0.04875,0.022897749232246568,87,2925.0,71,0.4,24,1.0,0.05,1000,60,1,50,500,-500,sweep_60bees_50plants_r9,2025-12-12T11:16:00.213950
1923.4072853257628,0.6373333333333333,1.05,0.4266666666666667,32,0.04533333333333334,0.023569284404397657,81,2720.0,63,0.4,24,1.0,0.05,1000,60,1,75,500,-500,sweep_60bees_75plants_r0,2025-12-12T11:27:17.245268
1913.9905280998314,0.5793333333333334,1.35,0.48,36,0.052583333333333336,0.027473141878887424,94,3155.0,81,0.4,24,1.0,0.05,1000,60,1,75,500,-500,sweep_60bees_75plants_r1,2025-12-12T11:27:24.240936
1883.927646371413,0.566,1.3,0.5066666666666667,38,0.05425,0.02879622267048822,97,3255.0,78,0.4,24,1.0,0.05,1000,60,1,75,500,-500,sweep_60bees_75plants_r2,2025-12-12T11:27:30.803775
1909.442704470414,0.6733333333333333,1.0,0.37333333333333335,28,0.04083333333333333,0.021384948203857473,73,2450.0,60,0.4,24,1.0,0.05,1000,60,1,75,500,-500,sweep_60bees_75plants_r3,2025-12-12T11:27:38.546150
1906.6298317181268,0.544,1.3833333333333333,0.5333333333333333,40,0.057,0.029895682450659777,102,3420.0,83,0.4,24,1.0,0.05,1000,60,1,75,500,-500,sweep_60bees_75plants_r4,2025-12-12T11:27:44.697020
1854.1979178652116,0.6233333333333333,1.1666666666666667,0.49333333333333335,37,0.04708333333333333,0.02539283044149982,84,2825.0,70,0.4,24,1.0,0.05,1000,60,1,75,500,-500,sweep_60bees_75plants_r5,2025-12-12T11:27:51.473241
2073.456641226993,0.7013333333333334,0.9333333333333333,0.32,24,0.037333333333333336,0.018005360030697765,67,2240.0,56,0.4,24,1.0,0.05,1000,60,1,75,500,-500,sweep_60bees_75plants_r6,2025-12-12T11:27:58.695416
2410.6390300563926,0.7846666666666666,0.65,0.25333333333333335,19,0.026916666666666665,0.011165780662746923,48,1615.0,39,0.4,24,1.0,0.05,1000,60,1,75,500,-500,sweep_60bees_75plants_r7,2025-12-12T11:28:07.243540
1817.997453406852,0.5373333333333333,1.2833333333333334,0.5733333333333334,43,0.057833333333333334,0.03181155904534193,103,3470.0,77,0.4,24,1.0,0.05,1000,60,1,75,500,-500,sweep_60bees_75plants_r8,2025-12-12T11:28:13.470564
1917.869097767627,0.6960000000000001,0.9333333333333333,0.36,27,0.038,0.01981365675281565,68,2280.0,56,0.4,24,1.0,0.05,1000,60,1,75,500,-500,sweep_60bees_75plants_r9,2025-12-12T11:28:21.268583
1971.3092092297168,0.7110000000000002,0.9142857142857143,0.36,36,0.04128571428571429,0.020943297019266983,86,2890.0,64,0.4,24,1.0,0.05,1000,70,1,100,500,-500,sweep_70bees_100plants_r0,2025-12-12T11:45:16.913904
1759.835975909672,0.595,1.3428571428571427,0.57,57,0.05785714285714286,0.03287644055988575,120,4050.0,94,0.4,24,1.0,0.05,1000,70,1,100,500,-500,sweep_70bees_100plants_r1,2025-12-12T11:45:26.312969
1878.444346916903,0.7055000000000001,1.1142857142857143,0.33,33,0.04207142857142857,0.02239695237204155,88,2945.0,78,0.4,24,1.0,0.05,1000,70,1,100,500,-500,sweep_70bees_100plants_r2,2025-12-12T11:45:37.807235
1936.3927525295258,0.6934999999999999,1.0857142857142856,0.41,41,0.04378571428571429,0.02261200070518579,91,3065.0,76,0.4,24,1.0,0.05,1000,70,1,100,500,-500,sweep_70bees_100plants_r3,2025-12-12T11:45:48.635027
1829.3974146293792,0.6715000000000001,1.2714285714285714,0.39,39,0.04692857142857143,0.025652474991651155,98,3285.0,89,0.4,24,1.0,0.05,1000,70,1,100,500,-500,sweep_70bees_100plants_r4,2025-12-12T11:45:59.642170
1926.3854561901264,0.684,1.1285714285714286,0.37,37,0.045142857142857144,0.02343396904176052,94,3160.0,79,0.4,24,1.0,0.05,1000,70,1,100,500,-500,sweep_70bees_100plants_r5,2025-12-12T11:46:10.469059
1840.0278890709328,0.5745,1.6285714285714286,0.48,48,0.06078571428571428,0.03303521356755425,127,4255.0,114,0.4,24,1.0,0.05,1000,70,1,100,500,-500,sweep_70bees_100plants_r6,2025-12-12T11:46:19.532623
2022.7297182142884,0.647,1.1857142857142857,0.43,43,0.05042857142857143,0.024930948991588906,105,3530.0,83,0.4,24,1.0,0.05,1000,70,1,100,500,-500,sweep_70bees_100plants_r7,2025-12-12T11:46:29.417155
1851.8062898994801,0.6515000000000001,1.2285714285714286,0.39,39,0.04978571428571429,0.02688494717685442,104,3485.0,86,0.4,24,1.0,0.05,1000,70,1,100,500,-500,sweep_70bees_100plants_r8,2025-12-12T11:46:39.619131
1923.7057834355521,0.6809999999999999,1.0857142857142856,0.39,39,0.04557142857142857,0.02368939624958782,95,3190.0,76,0.4,24,1.0,0.05,1000,70,1,100,500,-500,sweep_70bees_100plants_r9,2025-12-12T11:46:50.065762
2217.256027393827,0.395,0.12857142857142856,0.7,7,0.008642857142857143,0.0038979969097281005,18,605.0,9,0.4,24,1.0,0.05,1000,70,1,10,500,-500,sweep_70bees_10plants_r0,2025-12-12T11:04:54.996190
2352.110505168382,0.465,0.12857142857142856,0.6,6,0.007642857142857143,0.0032493614250109428,16,535.0,9,0.4,24,1.0,0.05,1000,70,1,10,500,-500,sweep_70bees_10plants_r1,2025-12-12T11:04:56.832063
2206.181547560086,0.03,0.34285714285714286,1.0,10,0.013857142857142858,0.006281052831970282,29,970.0,24,0.4,24,1.0,0.05,1000,70,1,10,500,-500,sweep_70bees_10plants_r2,2025-12-12T11:04:58.270356
2190.6904371335445,0.065,0.22857142857142856,1.0,10,0.013357142857142857,0.00609722972754667,28,935.0,16,0.4,24,1.0,0.05,1000,70,1,10,500,-500,sweep_70bees_10plants_r3,2025-12-12T11:04:59.841532
2134.2631786117076,0.365,0.21428571428571427,0.7,7,0.00907142857142857,0.004250379551283521,19,635.0,15,0.4,24,1.0,0.05,1000,70,1,10,500,-500,sweep_70bees_10plants_r4,2025-12-12T11:05:01.541714
2238.599183064876,0.495,0.17142857142857143,0.7,7,0.007214285714285714,0.0032226786147614888,15,505.0,12,0.4,24,1.0,0.05,1000,70,1,10,500,-500,sweep_70bees_10plants_r5,2025-12-12T11:05:03.415493
2227.672106298288,0.22999999999999998,0.2714285714285714,0.9,9,0.011,0.004937890082162337,23,770.0,19,0.4,24,1.0,0.05,1000,70,1,10,500,-500,sweep_70bees_10plants_r6,2025-12-12T11:05:05.112848
2350.157192440754,0.39499999999999996,0.12857142857142856,0.7,7,0.008642857142857143,0.0036775655563197076,18,605.0,9,0.4,24,1.0,0.05,1000,70,1,10,500,-500,sweep_70bees_10plants_r7,2025-12-12T11:05:06.958656
2190.337092818236,0.1,0.3142857142857143,0.9,9,0.012857142857142857,0.005869937964936706,27,900.0,22,0.4,24,1.0,0.05,1000,70,1,10,500,-500,sweep_70bees_10plants_r8,2025-12-12T11:05:08.539327
2263.5991035951924,0.625,0.1,0.6,6,0.005357142857142857,0.0023666482499636534,11,375.0,7,0.4,24,1.0,0.05,1000,70,1,10,500,-500,sweep_70bees_10plants_r9,2025-12-12T11:05:10.552334
2168.257718891545,0.518,0.4142857142857143,0.52,13,0.017214285714285713,0.007939224919759994,36,1205.0,29,0.4,24,1.0,0.05,1000,70,1,25,500,-500,sweep_70bees_25plants_r0,2025-12-12T11:08:39.261560
2094.474806803121,0.514,0.35714285714285715,0.6,15,0.017357142857142856,0.008287109876311068,36,1215.0,25,0.4,24,1.0,0.05,1000,70,1,25,500,-500,sweep_70bees_25plants_r1,2025-12-12T11:08:42.832178
2068.4402290859994,0.354,0.4,0.72,18,0.023071428571428573,0.01115402236284263,48,1615.0,28,0.4,24,1.0,0.05,1000,70,1,25,500,-500,sweep_70bees_25plants_r2,2025-12-12T11:08:46.113176
2045.5998777492525,0.39799999999999996,0.5285714285714286,0.68,17,0.0215,0.010510364335598307,45,1505.0,37,0.4,24,1.0,0.05,1000,70,1,25,500,-500,sweep_70bees_25plants_r3,2025-12-12T11:08:49.305396
2121.7761653777793,0.5820000000000001,0.2857142857142857,0.52,13,0.014928571428571428,0.0070358842144470106,31,1045.0,20,0.4,24,1.0,0.05,1000,70,1,25,500,-500,sweep_70bees_25plants_r4,2025-12-12T11:08:52.970451
2071.415803711767,0.35400000000000004,0.5571428571428572,0.72,18,0.023071428571428573,0.011137999686053817,48,1615.0,39,0.4,24,1.0,0.05,1000,70,1,25,500,-500,sweep_70bees_25plants_r5,2025-12-12T11:08:56.265169
2199.0767304062365,0.474,0.4,0.68,17,0.018785714285714284,0.008542546072161835,39,1315.0,28,0.4,24,1.0,0.05,1000,70,1,25,500,-500,sweep_70bees_25plants_r6,2025-12-12T11:08:59.758950
2178.364242849149,0.24799999999999997,0.6285714285714286,0.92,23,0.026857142857142857,0.012329041364549568,56,1880.0,44,0.4,24,1.0,0.05,1000,70,1,25,500,-500,sweep_70bees_25plants_r7,2025-12-12T11:09:02.899105
2022.9525322683396,0.20600000000000002,0.7,0.92,23,0.02835714285714286,0.014017700566283655,59,1985.0,49,0.4,24,1.0,0.05,1000,70,1,25,500,-500,sweep_70bees_25plants_r8,2025-12-12T11:09:05.855410
2339.53752099689,0.556,0.3142857142857143,0.52,13,0.015857142857142858,0.006777896364058328,33,1110.0,22,0.4,24,1.0,0.05,1000,70,1,25,500,-500,sweep_70bees_25plants_r9,2025-12-12T11:09:09.516136
1999.6684642359457,0.488,0.8714285714285714,0.62,31,0.036571428571428574,0.018288745972399063,76,2560.0,61,0.4,24,1.0,0.05,1000,70,1,50,500,-500,sweep_70bees_50plants_r0,2025-12-12T11:16:05.935054
1969.5257817643574,0.55,0.8,0.54,27,0.03214285714285714,0.01632009971154714,67,2250.0,56,0.4,24,1.0,0.05,1000,70,1,50,500,-500,sweep_70bees_50plants_r1,2025-12-12T11:16:12.016649
2066.606908088667,0.63,0.6,0.46,23,0.02642857142857143,0.012788388215064228,55,1850.0,42,0.4,24,1.0,0.05,1000,70,1,50,500,-500,sweep_70bees_50plants_r2,2025-12-12T11:16:18.892400
2344.1916634648132,0.583,0.7142857142857143,0.52,26,0.029785714285714287,0.012706177037456808,62,2085.0,50,0.4,24,1.0,0.05,1000,70,1,50,500,-500,sweep_70bees_50plants_r3,2025-12-12T11:16:25.126448
1998.5351277439822,0.524,0.8428571428571429,0.56,28,0.034,0.017012460540726353,71,2380.0,59,0.4,24,1.0,0.05,1000,70,1,50,500,-500,sweep_70bees_50plants_r4,2025-12-12T11:16:31.002589
1892.0105951948478,0.368,1.0285714285714285,0.76,38,0.045142857142857144,0.02385972745475462,94,3160.0,72,0.4,24,1.0,0.05,1000,70,1,50,500,-500,sweep_70bees_50plants_r5,2025-12-12T11:16:36.320665
1893.0562297066288,0.5710000000000001,0.7571428571428571,0.48,24,0.030642857142857142,0.016186976732120596,64,2145.0,53,0.4,24,1.0,0.05,1000,70,1,50,500,-500,sweep_70bees_50plants_r6,2025-12-12T11:16:42.559551
1916.6696788152576,0.40199999999999997,1.0142857142857142,0.68,34,0.04271428571428571,0.022285679262526083,89,2990.0,71,0.4,24,1.0,0.05,1000,70,1,50,500,-500,sweep_70bees_50plants_r7,2025-12-12T11:16:47.964584
2052.804780763637,0.5980000000000001,0.6428571428571429,0.44,22,0.028714285714285713,0.013987830690653442,60,2010.0,45,0.4,24,1.0,0.05,1000,70,1,50,500,-500,sweep_70bees_50plants_r8,2025-12-12T11:16:54.359112
2030.2771179744907,0.6359999999999999,0.5285714285714286,0.44,22,0.026,0.01280613359123061,54,1820.0,37,0.4,24,1.0,0.05,1000,70,1,50,500,-500,sweep_70bees_50plants_r9,2025-12-12T11:17:01.077387
1907.2396376677382,0.528,1.2285714285714286,0.5866666666666667,44,0.05057142857142857,0.026515508367511532,105,3540.0,86,0.4,24,1.0,0.05,1000,70,1,75,500,-500,sweep_70bees_75plants_r0,2025-12-12T11:28:29.216271
1817.6950277268588,0.556,1.1142857142857143,0.5466666666666666,41,0.04757142857142857,0.026171292678794207,99,3330.0,78,0.4,24,1.0,0.05,1000,70,1,75,500,-500,sweep_70bees_75plants_r1,2025-12-12T11:28:36.839372
1969.2003195078107,0.6093333333333333,1.0714285714285714,0.48,36,0.04185714285714286,0.02125590903194896,87,2930.0,75,0.4,24,1.0,0.05,1000,70,1,75,500,-500,sweep_70bees_75plants_r2,2025-12-12T11:28:45.201123
1945.6366009305473,0.7746666666666666,0.5428571428571428,0.29333333333333333,22,0.024142857142857143,0.012408718632919551,50,1690.0,38,0.4,24,1.0,0.05,1000,70,1,75,500,-500,sweep_70bees_75plants_r3,2025-12-12T11:28:55.083721
2016.2458871654562,0.6466666666666666,0.9714285714285714,0.41333333333333333,31,0.03785714285714286,0.018776054596378818,79,2650.0,68,0.4,24,1.0,0.05,1000,70,1,75,500,-500,sweep_70bees_75plants_r4,2025-12-12T11:29:03.572206
2111.6186780069493,0.512,1.1857142857142857,0.5866666666666667,44,0.05228571428571428,0.024760964103170437,109,3660.0,83,0.4,24,1.0,0.05,1000,70,1,75,500,-500,sweep_70bees_75plants_r5,2025-12-12T11:29:11.187103
1840.422874864472,0.5626666666666668,1.2142857142857142,0.49333333333333335,37,0.046857142857142854,0.02545998721114211,98,3280.0,85,0.4,24,1.0,0.05,1000,70,1,75,500,-500,sweep_70bees_75plants_r6,2025-12-12T11:29:19.064455
2059.566286246283,0.5559999999999999,1.1428571428571428,0.5333333333333333,40,0.04757142857142857,0.02309778951476776,99,3330.0,80,0.4,24,1.0,0.05,1000,70,1,75,500,-500,sweep_70bees_75plants_r7,2025-12-12T11:29:27.066624
1993.5482967391447,0.6593333333333333,0.7571428571428571,0.41333333333333333,31,0.0365,0.018309062318531837,76,2555.0,53,0.4,24,1.0,0.05,1000,70,1,75,500,-500,sweep_70bees_75plants_r8,2025-12-12T11:29:36.233126
1910.958729549007,0.6193333333333334,0.8428571428571429,0.4666666666666667,35,0.040785714285714286,0.021343063905592485,85,2855.0,59,0.4,24,1.0,0.05,1000,70,1,75,500,-500,sweep_70bees_75plants_r9,2025-12-12T11:29:44.553679
1950.2375118431057,0.705,0.85,0.35,35,0.036875,0.01890795340366038,88,2950.0,68,0.4,24,1.0,0.05,1000,80,1,100,500,-500,sweep_80bees_100plants_r0,2025-12-12T11:47:02.953459
1934.7447003370696,0.661,0.9875,0.41,41,0.042375,0.021902114523232683,101,3390.0,79,0.4,24,1.0,0.05,1000,80,1,100,500,-500,sweep_80bees_100plants_r1,2025-12-12T11:47:15.386762
2010.4297156420573,0.6680000000000001,1.15,0.37,37,0.0415,0.020642353063681427,99,3320.0,92,0.4,24,1.0,0.05,1000,80,1,100,500,-500,sweep_80bees_100plants_r2,2025-12-12T11:47:28.189974
2013.4782257747297,0.735,0.6625,0.31,31,0.033125,0.016451630604177224,79,2650.0,53,0.4,24,1.0,0.05,1000,80,1,100,500,-500,sweep_80bees_100plants_r3,2025-12-12T11:47:41.891549
1815.863065881788,0.6455,1.1875,0.39,39,0.0443125,0.02440299647731517,106,3545.0,95,0.4,24,1.0,0.05,1000,80,1,100,500,-500,sweep_80bees_100plants_r4,2025-12-12T11:47:53.931489
2028.2510040547859,0.7275,0.8125,0.33,33,0.0340625,0.016794025952361822,81,2725.0,65,0.4,24,1.0,0.05,1000,80,1,100,500,-500,sweep_80bees_100plants_r5,2025-12-12T11:48:07.301863
2009.5627732033013,0.6680000000000001,0.9625,0.39,39,0.0415,0.020651258350018,99,3320.0,77,0.4,24,1.0,0.05,1000,80,1,100,500,-500,sweep_80bees_100plants_r6,2025-12-12T11:48:19.636622
1822.187768515429,0.664,1.0,0.4,40,0.042,0.023049216291369468,100,3360.0,80,0.4,24,1.0,0.05,1000,80,1,100,500,-500,sweep_80bees_100plants_r7,2025-12-12T11:48:31.581723
1918.0407004287713,0.5835,1.4125,0.49,49,0.0520625,0.027143584590442534,124,4165.0,113,0.4,24,1.0,0.05,1000,80,1,100,500,-500,sweep_80bees_100plants_r8,2025-12-12T11:48:42.738891
1905.678782416342,0.6580000000000001,1.05,0.39,39,0.04275,0.022432951657148807,102,3420.0,84,0.4,24,1.0,0.05,1000,80,1,100,500,-500,sweep_80bees_100plants_r9,2025-12-12T11:48:54.971629
2225.079778430433,0.265,0.2125,0.8,8,0.0091875,0.004129065433546317,22,735.0,17,0.4,24,1.0,0.05,1000,80,1,10,500,-500,sweep_80bees_10plants_r0,2025-12-12T11:05:12.550324
2211.081190061461,0.195,0.2,0.9,9,0.0100625,0.004550940980923589,24,805.0,16,0.4,24,1.0,0.05,1000,80,1,10,500,-500,sweep_80bees_10plants_r1,2025-12-12T11:05:14.538669
2390.146108007915,0.355,0.15,0.8,8,0.0080625,0.0033732247467999983,19,645.0,12,0.4,24,1.0,0.05,1000,80,1,10,500,-500,sweep_80bees_10plants_r2,2025-12-12T11:05:17.108694
2263.172025183196,0.365,0.2,0.7,7,0.0079375,0.003507245543721974,19,635.0,16,0.4,24,1.0,0.05,1000,80,1,10,500,-500,sweep_80bees_10plants_r3,2025-12-12T11:05:19.187669
2223.2498678731777,0.16499999999999998,0.275,0.9,9,0.0104375,0.004694703978543267,25,835.0,22,0.4,24,1.0,0.05,1000,80,1,10,500,-500,sweep_80bees_10plants_r4,2025-12-12T11:05:20.956754
2646.158859814914,0.36,0.1875,0.8,8,0.008,0.0030232500858091193,19,640.0,15,0.4,24,1.0,0.05,1000,80,1,10,500,-500,sweep_80bees_10plants_r5,2025-12-12T11:05:22.885006
2110.355718339565,0.295,0.2,0.8,8,0.0088125,0.004175836293103091,21,705.0,16,0.4,24,1.0,0.05,1000,80,1,10,500,-500,sweep_80bees_10plants_r6,2025-12-12T11:05:24.937143
2218.8843986019606,0.225,0.2125,0.9,9,0.0096875,0.0043659327210123005,23,775.0,17,0.4,24,1.0,0.05,1000,80,1,10,500,-500,sweep_80bees_10plants_r7,2025-12-12T11:05:26.884909
2237.5648548540494,0.0,0.275,1.0,10,0.0125,0.005586430253801669,30,1000.0,22,0.4,24,1.0,0.05,1000,80,1,10,500,-500,sweep_80bees_10plants_r8,2025-12-12T11:05:28.659970
2182.415080180023,0.1,0.225,0.9,9,0.01125,0.005154839747108057,27,900.0,18,0.4,24,1.0,0.05,1000,80,1,10,500,-500,sweep_80bees_10plants_r9,2025-12-12T11:05:30.629613
2144.724327626879,0.368,0.475,0.76,19,0.01975,0.009208642689223013,47,1580.0,38,0.4,24,1.0,0.05,1000,80,1,25,500,-500,sweep_80bees_25plants_r0,2025-12-12T11:09:13.362752
2354.5735032155126,0.25,0.55,0.8,20,0.0234375,0.009954032001121512,56,1875.0,44,0.4,24,1.0,0.05,1000,80,1,25,500,-500,sweep_80bees_25plants_r1,2025-12-12T11:09:16.967450
2068.932699942964,0.154,0.6625,0.96,24,0.0264375,0.012778327685926575,63,2115.0,53,0.4,24,1.0,0.05,1000,80,1,25,500,-500,sweep_80bees_25plants_r2,2025-12-12T11:09:20.347745
2182.5564662569727,0.39399999999999996,0.425,0.76,19,0.0189375,0.008676751457650633,45,1515.0,34,0.4,24,1.0,0.05,1000,80,1,25,500,-500,sweep_80bees_25plants_r3,2025-12-12T11:09:24.203111
2393.2278133850195,0.342,0.4875,0.76,19,0.0205625,0.008591952627742561,49,1645.0,39,0.4,24,1.0,0.05,1000,80,1,25,500,-500,sweep_80bees_25plants_r4,2025-12-12T11:09:27.897529
2156.856401409251,0.316,0.4875,0.76,19,0.021375,0.009910256420424634,51,1710.0,39,0.4,24,1.0,0.05,1000,80,1,25,500,-500,sweep_80bees_25plants_r5,2025-12-12T11:09:31.610600
2215.181669042966,0.258,0.5,0.96,24,0.0231875,0.01046753876851003,55,1855.0,40,0.4,24,1.0,0.05,1000,80,1,25,500,-500,sweep_80bees_25plants_r6,2025-12-12T11:09:35.295780
2205.2843066542932,0.342,0.4625,0.72,18,0.0205625,0.009324194589311715,49,1645.0,37,0.4,24,1.0,0.05,1000,80,1,25,500,-500,sweep_80bees_25plants_r7,2025-12-12T11:09:39.121567
2152.5383022831284,0.41,0.4125,0.68,17,0.0184375,0.008565468953766786,44,1475.0,33,0.4,24,1.0,0.05,1000,80,1,25,500,-500,sweep_80bees_25plants_r8,2025-12-12T11:09:43.051816
2196.4165609067027,0.36599999999999994,0.4625,0.84,21,0.0198125,0.00902037452850984,47,1585.0,37,0.4,24,1.0,0.05,1000,80,1,25,500,-500,sweep_80bees_25plants_r9,2025-12-12T11:09:46.922854
2055.653005630413,0.5429999999999999,0.6375,0.56,28,0.0285625,0.013894611552517666,68,2285.0,51,0.4,24,1.0,0.05,1000,80,1,50,500,-500,sweep_80bees_50plants_r0,2025-12-12T11:17:08.590099
1944.9901391629478,0.36699999999999994,0.8875,0.74,37,0.0395625,0.020340720090759042,94,3165.0,71,0.4,24,1.0,0.05,1000,80,1,50,500,-500,sweep_80bees_50plants_r1,2025-12-12T11:17:15.275646
1977.6322803378657,0.41,0.8875,0.66,33,0.036875,0.018646034637794313,88,2950.0,71,0.4,24,1.0,0.05,1000,80,1,50,500,-500,sweep_80bees_50plants_r2,2025-12-12T11:17:22.080505
1956.9575354913954,0.41600000000000004,0.9,0.7,35,0.0365,0.018651401135709768,87,2920.0,72,0.4,24,1.0,0.05,1000,80,1,50,500,-500,sweep_80bees_50plants_r3,2025-12-12T11:17:28.653333
2026.085607933953,0.4489999999999999,0.7,0.68,34,0.0344375,0.016997060669670678,82,2755.0,56,0.4,24,1.0,0.05,1000,80,1,50,500,-500,sweep_80bees_50plants_r4,2025-12-12T11:17:35.166904
2030.5026600722238,0.578,0.675,0.48,24,0.026375,0.012989394458149518,63,2110.0,54,0.4,24,1.0,0.05,1000,80,1,50,500,-500,sweep_80bees_50plants_r5,2025-12-12T11:17:42.321794
1910.067718228355,0.34699999999999986,0.95,0.78,39,0.0408125,0.02136704348778525,97,3265.0,76,0.4,24,1.0,0.05,1000,80,1,50,500,-500,sweep_80bees_50plants_r6,2025-12-12T11:17:48.515030
2020.803849256994,0.409,0.8375,0.7,35,0.0369375,0.018278617201556262,88,2955.0,67,0.4,24,1.0,0.05,1000,80,1,50,500,-500,sweep_80bees_50plants_r7,2025-12-12T11:17:55.156357
1944.2582659304003,0.483,0.8,0.62,31,0.0323125,0.016619448437595948,77,2585.0,64,0.4,24,1.0,0.05,1000,80,1,50,500,-500,sweep_80bees_50plants_r8,2025-12-12T11:18:02.002507
2152.7977521025155,0.544,0.65,0.52,26,0.0285,0.013238586844568035,68,2280.0,52,0.4,24,1.0,0.05,1000,80,1,50,500,-500,sweep_80bees_50plants_r9,2025-12-12T11:18:09.192197
2007.9441492064277,0.5533333333333333,1.0375,0.52,39,0.041875,0.0208546637198797,100,3350.0,83,0.4,24,1.0,0.05,1000,80,1,75,500,-500,sweep_80bees_75plants_r0,2025-12-12T11:29:54.273657
1936.733606596808,0.5846666666666667,1.0125,0.4666666666666667,35,0.0389375,0.020104726776761127,93,3115.0,81,0.4,24,1.0,0.05,1000,80,1,75,500,-500,sweep_80bees_75plants_r1,2025-12-12T11:30:03.722616
1890.134917976899,0.5886666666666667,0.8375,0.49333333333333335,37,0.0385625,0.020401982754371457,92,3085.0,67,0.4,24,1.0,0.05,1000,80,1,75,500,-500,sweep_80bees_75plants_r2,2025-12-12T11:30:12.838585
2056.5989915007535,0.6506666666666666,0.7625,0.41333333333333333,31,0.03275,0.01592434895443641,78,2620.0,61,0.4,24,1.0,0.05,1000,80,1,75,500,-500,sweep_80bees_75plants_r3,2025-12-12T11:30:23.336217
1807.869716911709,0.4266666666666667,1.275,0.64,48,0.05375,0.02973112470284549,128,4300.0,102,0.4,24,1.0,0.05,1000,80,1,75,500,-500,sweep_80bees_75plants_r4,2025-12-12T11:30:31.932570
1973.387925859605,0.6026666666666667,0.9375,0.4533333333333333,34,0.03725,0.01887616697754647,89,2980.0,75,0.4,24,1.0,0.05,1000,80,1,75,500,-500,sweep_80bees_75plants_r5,2025-12-12T11:30:42.098789
2032.7446029859188,0.6373333333333333,0.775,0.4533333333333333,34,0.034,0.016726154358032517,81,2720.0,62,0.4,24,1.0,0.05,1000,80,1,75,500,-500,sweep_80bees_75plants_r6,2025-12-12T11:30:52.078885
1828.0368283539296,0.4533333333333333,1.275,0.68,51,0.05125,0.028035540206347194,122,4100.0,102,0.4,24,1.0,0.05,1000,80,1,75,500,-500,sweep_80bees_75plants_r7,2025-12-12T11:31:00.606955
1908.6124000728619,0.5666666666666667,0.9625,0.49333333333333335,37,0.040625,0.021285096962824473,97,3250.0,77,0.4,24,1.0,0.05,1000,80,1,75,500,-500,sweep_80bees_75plants_r8,2025-12-12T11:31:10.385267
1878.453171314505,0.5526666666666668,0.975,0.5066666666666667,38,0.0419375,0.022325549894146656,100,3355.0,78,0.4,24,1.0,0.05,1000,80,1,75,500,-500,sweep_80bees_75plants_r9,2025-12-12T11:31:19.808352
