metric_avg_distance_per_bee,metric_avg_pollen_level,metric_avg_trips_per_bee,metric_plant_visitation_rate,metric_plants_visited,metric_pollen_per_bee_per_step,metric_pollen_per_distance,metric_total_plant_visits,metric_total_pollen_collected,metric_total_trips,param_attraction_strength,param_bee_velocity_mean,param_bee_velocity_std,param_dt,param_max_steps,param_num_bees,param_num_hives,param_num_plants,param_simulation_bounds_max,param_simulation_bounds_min,run_name,timestamp
1885.77455425831,0.376,1.175,0.75,75,0.052,0.02757487626640079,225,6240.0,141,0.4,24,1.0,0.05,1000,120,2,100,500,-500,sweep_120bees_100plants_r0,2025-12-17T11:28:29.744477
1914.482796179126,0.4885,0.95,0.58,58,0.042625,0.022264498842752646,184,5115.0,114,0.4,24,1.0,0.05,1000,120,2,100,500,-500,sweep_120bees_100plants_r1,2025-12-17T11:28:48.311040
1855.6225179156181,0.447,1.1,0.61,61,0.04608333333333333,0.024834433128725866,202,5530.0,132,0.4,24,1.0,0.05,1000,120,2,100,500,-500,sweep_120bees_100plants_r2,2025-12-17T11:29:05.956383
2023.5786066119895,0.5685,0.8166666666666667,0.5,50,0.035958333333333335,0.017769674583354673,157,4315.0,98,0.4,24,1.0,0.05,1000,120,2,100,500,-500,sweep_120bees_100plants_r3,2025-12-17T11:29:25.213495
1867.5743053438434,0.43099999999999994,1.1166666666666667,0.67,67,0.04741666666666667,0.025389440479551186,206,5690.0,134,0.4,24,1.0,0.05,1000,120,2,100,500,-500,sweep_120bees_100plants_r4,2025-12-17T11:29:42.708497
1911.1306374352648,0.49450000000000005,0.9416666666666667,0.56,56,0.042125,0.02204192595464416,186,5055.0,113,0.4,24,1.0,0.05,1000,120,2,100,500,-500,sweep_120bees_100plants_r5,2025-12-17T11:30:01.252383
1879.935687958623,0.4784999999999999,1.0083333333333333,0.61,61,0.043458333333333335,0.02311692554787536,190,5215.0,121,0.4,24,1.0,0.05,1000,120,2,100,500,-500,sweep_120bees_100plants_r6,2025-12-17T11:30:19.421493
1876.3828459301137,0.406,1.075,0.67,67,0.0495,0.02638054387854047,215,5940.0,129,0.4,24,1.0,0.05,1000,120,2,100,500,-500,sweep_120bees_100plants_r7,2025-12-17T11:30:36.582469
1889.5513453774252,0.43699999999999994,1.1166666666666667,0.63,63,0.04691666666666667,0.024829527274526312,203,5630.0,134,0.4,24,1.0,0.05,1000,120,2,100,500,-500,sweep_120bees_100plants_r8,2025-12-17T11:30:53.789435
2006.3824089890418,0.5395,0.8833333333333333,0.56,56,0.038375,0.019126463543575452,167,4605.0,106,0.4,24,1.0,0.05,1000,120,2,100,500,-500,sweep_120bees_100plants_r9,2025-12-17T11:31:13.401071
2223.456320761539,0.045,0.14166666666666666,1.0,10,0.007958333333333333,0.0035792622769434865,32,955.0,17,0.4,24,1.0,0.05,1000,120,2,10,500,-500,sweep_120bees_10plants_r0,2025-12-17T10:49:10.426898
2401.6769842337662,0.16,0.15833333333333333,1.0,10,0.007,0.002914630088039624,28,840.0,19,0.4,24,1.0,0.05,1000,120,2,10,500,-500,sweep_120bees_10plants_r1,2025-12-17T10:49:12.985224
2291.2690792700228,0.0,0.19166666666666668,1.0,10,0.008333333333333333,0.0036369946283167478,34,1000.0,23,0.4,24,1.0,0.05,1000,120,2,10,500,-500,sweep_120bees_10plants_r2,2025-12-17T10:49:15.377009
2251.7193216294368,0.05,0.125,1.0,10,0.007916666666666667,0.0035158319203557934,30,950.0,15,0.4,24,1.0,0.05,1000,120,2,10,500,-500,sweep_120bees_10plants_r3,2025-12-17T10:49:18.051986
2297.932817009825,0.125,0.09166666666666666,1.0,10,0.007291666666666667,0.0031731417962666615,29,875.0,11,0.4,24,1.0,0.05,1000,120,2,10,500,-500,sweep_120bees_10plants_r4,2025-12-17T10:49:20.969760
2277.9956847064404,0.325,0.075,0.9,9,0.005625,0.0024692759682399834,20,675.0,9,0.4,24,1.0,0.05,1000,120,2,10,500,-500,sweep_120bees_10plants_r5,2025-12-17T10:49:23.937021
2404.1478240660945,0.15,0.125,1.0,10,0.007083333333333333,0.00294629692168987,27,850.0,15,0.4,24,1.0,0.05,1000,120,2,10,500,-500,sweep_120bees_10plants_r6,2025-12-17T10:49:26.673819
2282.0737289217554,0.0,0.16666666666666666,1.0,10,0.008333333333333333,0.003651649474651595,31,1000.0,20,0.4,24,1.0,0.05,1000,120,2,10,500,-500,sweep_120bees_10plants_r7,2025-12-17T10:49:28.985199
2365.822289301281,0.0,0.15,1.0,10,0.008333333333333333,0.003522383473610137,31,1000.0,18,0.4,24,1.0,0.05,1000,120,2,10,500,-500,sweep_120bees_10plants_r8,2025-12-17T10:49:31.543616
2285.963921932535,0.125,0.15,1.0,10,0.007291666666666667,0.0031897557947906507,29,875.0,18,0.4,24,1.0,0.05,1000,120,2,10,500,-500,sweep_120bees_10plants_r9,2025-12-17T10:49:34.223927
2360.5765944239934,0.25,0.3333333333333333,0.8,20,0.015625,0.006619145524406366,63,1875.0,40,0.4,24,1.0,0.05,1000,120,2,25,500,-500,sweep_120bees_25plants_r0,2025-12-17T10:53:14.935961
2264.8501982215967,0.322,0.23333333333333334,0.84,21,0.014125,0.006236615565608365,54,1695.0,28,0.4,24,1.0,0.05,1000,120,2,25,500,-500,sweep_120bees_25plants_r1,2025-12-17T10:53:20.778498
2209.960563275395,0.272,0.275,0.92,23,0.015166666666666667,0.006862867563658269,60,1820.0,33,0.4,24,1.0,0.05,1000,120,2,25,500,-500,sweep_120bees_25plants_r2,2025-12-17T10:53:26.340261
2354.8953483356163,0.33799999999999997,0.25833333333333336,0.76,19,0.013791666666666667,0.00585659429681845,58,1655.0,31,0.4,24,1.0,0.05,1000,120,2,25,500,-500,sweep_120bees_25plants_r3,2025-12-17T10:53:31.977703
2186.891432042752,0.122,0.35,0.96,24,0.018291666666666668,0.008364231712033649,73,2195.0,42,0.4,24,1.0,0.05,1000,120,2,25,500,-500,sweep_120bees_25plants_r4,2025-12-17T10:53:37.094795
2144.3882632947116,0.152,0.36666666666666664,0.92,23,0.017666666666666667,0.008238557806468776,71,2120.0,44,0.4,24,1.0,0.05,1000,120,2,25,500,-500,sweep_120bees_25plants_r5,2025-12-17T10:53:42.272286
2103.1520948243315,0.036000000000000004,0.4666666666666667,1.0,25,0.020083333333333335,0.009549158799668656,86,2410.0,56,0.4,24,1.0,0.05,1000,120,2,25,500,-500,sweep_120bees_25plants_r6,2025-12-17T10:53:47.400185
2171.4642919667785,0.022000000000000002,0.4583333333333333,1.0,25,0.020375,0.009383069330394367,87,2445.0,55,0.4,24,1.0,0.05,1000,120,2,25,500,-500,sweep_120bees_25plants_r7,2025-12-17T10:53:52.313528
2158.8889217445458,0.012,0.4583333333333333,1.0,25,0.020583333333333332,0.009534225279501847,83,2470.0,55,0.4,24,1.0,0.05,1000,120,2,25,500,-500,sweep_120bees_25plants_r8,2025-12-17T10:53:57.024058
2139.591874148305,0.066,0.4,0.96,24,0.019458333333333334,0.009094413550752056,77,2335.0,48,0.4,24,1.0,0.05,1000,120,2,25,500,-500,sweep_120bees_25plants_r9,2025-12-17T10:54:02.088930
2155.3258069476115,0.413,0.5333333333333333,0.68,34,0.024458333333333332,0.011347858989342966,106,2935.0,64,0.4,24,1.0,0.05,1000,120,2,50,500,-500,sweep_120bees_50plants_r0,2025-12-17T11:00:40.919974
2015.0842368019976,0.259,0.6166666666666667,0.92,46,0.030875,0.01532194011353074,129,3705.0,74,0.4,24,1.0,0.05,1000,120,2,50,500,-500,sweep_120bees_50plants_r1,2025-12-17T11:00:50.429030
2093.8731953218216,0.307,0.6,0.8,40,0.028875,0.013790233364901549,120,3465.0,72,0.4,24,1.0,0.05,1000,120,2,50,500,-500,sweep_120bees_50plants_r2,2025-12-17T11:00:59.897625
2105.9734749229474,0.5159999999999999,0.425,0.56,28,0.020166666666666666,0.009575935740313403,88,2420.0,51,0.4,24,1.0,0.05,1000,120,2,50,500,-500,sweep_120bees_50plants_r3,2025-12-17T11:01:10.803937
2084.686191837085,0.34099999999999997,0.5833333333333334,0.82,41,0.027458333333333335,0.013171446830151576,116,3295.0,70,0.4,24,1.0,0.05,1000,120,2,50,500,-500,sweep_120bees_50plants_r4,2025-12-17T11:01:20.513803
2166.5683394328685,0.358,0.5583333333333333,0.72,36,0.02675,0.012346714162269266,114,3210.0,67,0.4,24,1.0,0.05,1000,120,2,50,500,-500,sweep_120bees_50plants_r5,2025-12-17T11:01:30.317462
2011.4244427225094,0.4109999999999999,0.5,0.66,33,0.024541666666666666,0.012201137733739058,104,2945.0,60,0.4,24,1.0,0.05,1000,120,2,50,500,-500,sweep_120bees_50plants_r6,2025-12-17T11:01:40.204832
2065.895773345366,0.21600000000000003,0.7583333333333333,0.88,44,0.03266666666666666,0.015812349823325585,140,3920.0,91,0.4,24,1.0,0.05,1000,120,2,50,500,-500,sweep_120bees_50plants_r7,2025-12-17T11:01:49.162189
1978.2131319070459,0.225,0.6666666666666666,0.86,43,0.03229166666666667,0.016323653981376977,139,3875.0,80,0.4,24,1.0,0.05,1000,120,2,50,500,-500,sweep_120bees_50plants_r8,2025-12-17T11:01:58.449621
1977.1192044611807,0.13299999999999998,0.7833333333333333,0.94,47,0.036125,0.018271533612382797,156,4335.0,94,0.4,24,1.0,0.05,1000,120,2,50,500,-500,sweep_120bees_50plants_r9,2025-12-17T11:02:07.426284
1900.2508725255288,0.39599999999999996,0.9333333333333333,0.6666666666666666,50,0.03775,0.01986579800899044,165,4530.0,112,0.4,24,1.0,0.05,1000,120,2,75,500,-500,sweep_120bees_75plants_r0,2025-12-17T11:12:31.409548
2244.781452610988,0.2826666666666667,1.0666666666666667,0.7733333333333333,58,0.044833333333333336,0.01997224864860944,198,5380.0,128,0.4,24,1.0,0.05,1000,120,2,75,500,-500,sweep_120bees_75plants_r1,2025-12-17T11:12:43.713880
1915.1249672745703,0.2713333333333333,0.9916666666666667,0.7866666666666666,59,0.04554166666666667,0.023779997360421537,199,5465.0,119,0.4,24,1.0,0.05,1000,120,2,75,500,-500,sweep_120bees_75plants_r2,2025-12-17T11:12:56.399957
1839.6655192164585,0.34,0.975,0.7733333333333333,58,0.04125,0.02242255430083236,179,4950.0,117,0.4,24,1.0,0.05,1000,120,2,75,500,-500,sweep_120bees_75plants_r3,2025-12-17T11:13:09.612759
2028.3738205378095,0.5853333333333333,0.5083333333333333,0.49333333333333335,37,0.025916666666666668,0.012777066241071403,112,3110.0,61,0.4,24,1.0,0.05,1000,120,2,75,500,-500,sweep_120bees_75plants_r4,2025-12-17T11:13:24.104166
2089.189390225684,0.5273333333333333,0.5666666666666667,0.6,45,0.029541666666666667,0.014140253059333908,125,3545.0,68,0.4,24,1.0,0.05,1000,120,2,75,500,-500,sweep_120bees_75plants_r5,2025-12-17T11:13:38.949244
1912.8164652037299,0.302,0.925,0.8266666666666667,62,0.043625,0.022806683648738668,188,5235.0,111,0.4,24,1.0,0.05,1000,120,2,75,500,-500,sweep_120bees_75plants_r6,2025-12-17T11:13:51.562074
2077.0404893564755,0.41800000000000004,0.8666666666666667,0.6666666666666666,50,0.036375,0.017512898851225565,159,4365.0,104,0.4,24,1.0,0.05,1000,120,2,75,500,-500,sweep_120bees_75plants_r7,2025-12-17T11:14:05.303292
1921.065831708161,0.2773333333333333,0.9666666666666667,0.8533333333333334,64,0.04516666666666667,0.023511253972231475,196,5420.0,116,0.4,24,1.0,0.05,1000,120,2,75,500,-500,sweep_120bees_75plants_r8,2025-12-17T11:14:17.695756
1961.3784339787198,0.48600000000000004,0.7583333333333333,0.6266666666666667,47,0.032125,0.016378787205706853,140,3855.0,91,0.4,24,1.0,0.05,1000,120,2,75,500,-500,sweep_120bees_75plants_r9,2025-12-17T11:14:31.613319
1852.9058356855985,0.35,0.98125,0.75,75,0.040625,0.02192502134625111,237,6500.0,157,0.4,24,1.0,0.05,1000,160,2,100,500,-500,sweep_160bees_100plants_r0,2025-12-17T11:31:36.289947
1917.7286901623215,0.38049999999999995,0.88125,0.7,70,0.03871875,0.02018989974891743,224,6195.0,141,0.4,24,1.0,0.05,1000,160,2,100,500,-500,sweep_160bees_100plants_r1,2025-12-17T11:32:00.094924
1946.8818287918905,0.1875,1.125,0.87,87,0.05078125,0.026083375605550532,298,8125.0,180,0.4,24,1.0,0.05,1000,160,2,100,500,-500,sweep_160bees_100plants_r2,2025-12-17T11:32:20.865870
1845.613612155826,0.2905,1.0125,0.78,78,0.04434375,0.024026562064744912,260,7095.0,162,0.4,24,1.0,0.05,1000,160,2,100,500,-500,sweep_160bees_100plants_r3,2025-12-17T11:32:42.521855
1866.0051437474292,0.2825,1.0875,0.76,76,0.04484375,0.0240319541188091,263,7175.0,174,0.4,24,1.0,0.05,1000,160,2,100,500,-500,sweep_160bees_100plants_r4,2025-12-17T11:33:04.163860
1920.5134237972657,0.49050000000000005,0.70625,0.59,59,0.03184375,0.016580852601924594,187,5095.0,113,0.4,24,1.0,0.05,1000,160,2,100,500,-500,sweep_160bees_100plants_r5,2025-12-17T11:33:30.465385
1900.4813680606944,0.3135,1.00625,0.75,75,0.04290625,0.02257651704514355,244,6865.0,161,0.4,24,1.0,0.05,1000,160,2,100,500,-500,sweep_160bees_100plants_r6,2025-12-17T11:33:51.720933
1887.881433488265,0.32699999999999996,0.94375,0.76,76,0.0420625,0.022280265727429995,246,6730.0,151,0.4,24,1.0,0.05,1000,160,2,100,500,-500,sweep_160bees_100plants_r7,2025-12-17T11:34:14.466729
1929.2688317874963,0.207,1.19375,0.86,86,0.0495625,0.025689784224668992,290,7930.0,191,0.4,24,1.0,0.05,1000,160,2,100,500,-500,sweep_160bees_100plants_r8,2025-12-17T11:34:34.375489
2045.0563548128491,0.4809999999999999,0.7125,0.59,59,0.0324375,0.015861421091727557,188,5190.0,114,0.4,24,1.0,0.05,1000,160,2,100,500,-500,sweep_160bees_100plants_r9,2025-12-17T11:34:58.774613
2221.744654713269,0.0,0.1375,1.0,10,0.00625,0.002813104551299845,34,1000.0,22,0.4,24,1.0,0.05,1000,160,2,10,500,-500,sweep_160bees_10plants_r0,2025-12-17T10:49:37.341794
2344.6857569876,0.0,0.125,1.0,10,0.00625,0.002665602408072739,30,1000.0,20,0.4,24,1.0,0.05,1000,160,2,10,500,-500,sweep_160bees_10plants_r1,2025-12-17T10:49:40.366749
2301.9988965628204,0.32999999999999996,0.075,0.8,8,0.0041875,0.001819071245539029,22,670.0,12,0.4,24,1.0,0.05,1000,160,2,10,500,-500,sweep_160bees_10plants_r2,2025-12-17T10:49:44.157714
2310.5691037714146,0.0,0.10625,1.0,10,0.00625,0.0027049612971100797,31,1000.0,17,0.4,24,1.0,0.05,1000,160,2,10,500,-500,sweep_160bees_10plants_r3,2025-12-17T10:49:47.418042
2261.60623083685,0.03,0.1,1.0,10,0.0060625,0.0026806169515003176,29,970.0,16,0.4,24,1.0,0.05,1000,160,2,10,500,-500,sweep_160bees_10plants_r4,2025-12-17T10:49:50.721724
2410.6365669354964,0.03,0.11875,1.0,10,0.0060625,0.002514895892294087,31,970.0,19,0.4,24,1.0,0.05,1000,160,2,10,500,-500,sweep_160bees_10plants_r5,2025-12-17T10:49:54.103081
2377.5230905862068,0.0,0.125,1.0,10,0.00625,0.00262878624596617,32,1000.0,20,0.4,24,1.0,0.05,1000,160,2,10,500,-500,sweep_160bees_10plants_r6,2025-12-17T10:49:57.441594
2391.2059246914096,0.0,0.1375,1.0,10,0.00625,0.00261374394211012,32,1000.0,22,0.4,24,1.0,0.05,1000,160,2,10,500,-500,sweep_160bees_10plants_r7,2025-12-17T10:50:00.541819
2251.6365112064977,0.06,0.11875,1.0,10,0.005875,0.0026092133302865967,30,940.0,19,0.4,24,1.0,0.05,1000,160,2,10,500,-500,sweep_160bees_10plants_r8,2025-12-17T10:50:04.064157
2564.9420842337804,0.065,0.1,1.0,10,0.00584375,0.002278316549882525,28,935.0,16,0.4,24,1.0,0.05,1000,160,2,10,500,-500,sweep_160bees_10plants_r9,2025-12-17T10:50:07.657635
2127.423510186048,0.18200000000000002,0.2625,0.88,22,0.01278125,0.006007854072686378,70,2045.0,42,0.4,24,1.0,0.05,1000,160,2,25,500,-500,sweep_160bees_25plants_r0,2025-12-17T10:54:09.408781
2164.947779287174,0.012,0.3,1.0,25,0.0154375,0.007130656982905574,87,2470.0,48,0.4,24,1.0,0.05,1000,160,2,25,500,-500,sweep_160bees_25plants_r1,2025-12-17T10:54:16.165333
2126.0745304975417,0.23800000000000002,0.2375,0.88,22,0.01190625,0.005600109417243106,67,1905.0,38,0.4,24,1.0,0.05,1000,160,2,25,500,-500,sweep_160bees_25plants_r2,2025-12-17T10:54:23.486146
2357.510032593127,0.26,0.175,0.92,23,0.0115625,0.004904539043374465,63,1850.0,28,0.4,24,1.0,0.05,1000,160,2,25,500,-500,sweep_160bees_25plants_r3,2025-12-17T10:54:31.077865
2200.9614098723696,0.22799999999999998,0.16875,0.88,22,0.0120625,0.005480559516352214,63,1930.0,27,0.4,24,1.0,0.05,1000,160,2,25,500,-500,sweep_160bees_25plants_r4,2025-12-17T10:54:38.621013
2109.0809457995283,0.146,0.23125,0.96,24,0.01334375,0.006326807904919713,71,2135.0,37,0.4,24,1.0,0.05,1000,160,2,25,500,-500,sweep_160bees_25plants_r5,2025-12-17T10:54:45.663497
2237.01264994413,0.064,0.3125,1.0,25,0.014625,0.0065377368341503405,83,2340.0,50,0.4,24,1.0,0.05,1000,160,2,25,500,-500,sweep_160bees_25plants_r6,2025-12-17T10:54:52.501218
2169.9497136277423,0.052000000000000005,0.28125,0.96,24,0.0148125,0.006826195052804391,76,2370.0,45,0.4,24,1.0,0.05,1000,160,2,25,500,-500,sweep_160bees_25plants_r7,2025-12-17T10:54:59.361024
2250.0631644506348,0.21400000000000002,0.20625,0.92,23,0.01228125,0.005458180105356524,66,1965.0,33,0.4,24,1.0,0.05,1000,160,2,25,500,-500,sweep_160bees_25plants_r8,2025-12-17T10:55:06.993193
2211.7288753552675,0.226,0.24375,0.84,21,0.01209375,0.005468007464548472,67,1935.0,39,0.4,24,1.0,0.05,1000,160,2,25,500,-500,sweep_160bees_25plants_r9,2025-12-17T10:55:14.589814
2021.7682826108364,0.13699999999999998,0.61875,0.92,46,0.02696875,0.013339189377911082,149,4315.0,99,0.4,24,1.0,0.05,1000,160,2,50,500,-500,sweep_160bees_50plants_r0,2025-12-17T11:02:19.009888
1989.1373878218321,0.175,0.60625,0.94,47,0.02578125,0.01296102026830398,151,4125.0,97,0.4,24,1.0,0.05,1000,160,2,50,500,-500,sweep_160bees_50plants_r1,2025-12-17T11:02:31.258816
2063.2550621195737,0.09600000000000002,0.5875,0.94,47,0.02825,0.013691957198437157,164,4520.0,94,0.4,24,1.0,0.05,1000,160,2,50,500,-500,sweep_160bees_50plants_r2,2025-12-17T11:02:43.268589
2008.6015989601067,0.125,0.6,0.94,47,0.02734375,0.0136133268111289,156,4375.0,96,0.4,24,1.0,0.05,1000,160,2,50,500,-500,sweep_160bees_50plants_r3,2025-12-17T11:02:55.264161
2164.7168512850258,0.32899999999999996,0.4625,0.78,39,0.02096875,0.009686601731562475,118,3355.0,74,0.4,24,1.0,0.05,1000,160,2,50,500,-500,sweep_160bees_50plants_r4,2025-12-17T11:03:08.891872
2074.4788426689383,0.267,0.49375,0.8,40,0.02290625,0.011041929919386293,127,3665.0,79,0.4,24,1.0,0.05,1000,160,2,50,500,-500,sweep_160bees_50plants_r5,2025-12-17T11:03:22.534761
2207.0024744011434,0.433,0.34375,0.64,32,0.01771875,0.008028423259837022,100,2835.0,55,0.4,24,1.0,0.05,1000,160,2,50,500,-500,sweep_160bees_50plants_r6,2025-12-17T11:03:36.641492
2082.0010976095245,0.332,0.43125,0.8,40,0.020875,0.010026411620996689,120,3340.0,69,0.4,24,1.0,0.05,1000,160,2,50,500,-500,sweep_160bees_50plants_r7,2025-12-17T11:03:49.947601
2138.8120076774167,0.408,0.39375,0.74,37,0.0185,0.00864966155678617,102,2960.0,63,0.4,24,1.0,0.05,1000,160,2,50,500,-500,sweep_160bees_50plants_r8,2025-12-17T11:04:04.147216
2064.71337870813,0.192,0.54375,0.88,44,0.02525,0.012229300328260896,143,4040.0,87,0.4,24,1.0,0.05,1000,160,2,50,500,-500,sweep_160bees_50plants_r9,2025-12-17T11:04:16.463580
1997.4076856556997,0.4,0.6375,0.68,51,0.028125,0.014080750866224517,165,4500.0,102,0.4,24,1.0,0.05,1000,160,2,75,500,-500,sweep_160bees_75plants_r0,2025-12-17T11:14:50.071612
1935.8890567167068,0.2773333333333333,0.73125,0.8266666666666667,62,0.033875,0.017498420109596798,197,5420.0,117,0.4,24,1.0,0.05,1000,160,2,75,500,-500,sweep_160bees_75plants_r1,2025-12-17T11:15:07.850107
1973.8190103959073,0.3106666666666667,0.69375,0.7866666666666666,59,0.0323125,0.016370548581107636,186,5170.0,111,0.4,24,1.0,0.05,1000,160,2,75,500,-500,sweep_160bees_75plants_r2,2025-12-17T11:15:25.816399
2052.382944674603,0.3566666666666667,0.65625,0.72,54,0.03015625,0.014693286200924435,172,4825.0,105,0.4,24,1.0,0.05,1000,160,2,75,500,-500,sweep_160bees_75plants_r3,2025-12-17T11:15:44.307504
2036.9733139117488,0.3906666666666666,0.6375,0.72,54,0.0285625,0.014022029549886121,163,4570.0,102,0.4,24,1.0,0.05,1000,160,2,75,500,-500,sweep_160bees_75plants_r4,2025-12-17T11:16:02.883951
1980.2207763270344,0.49399999999999994,0.53125,0.5866666666666667,44,0.02371875,0.011977831100224169,138,3795.0,85,0.4,24,1.0,0.05,1000,160,2,75,500,-500,sweep_160bees_75plants_r5,2025-12-17T11:16:22.805285
2051.234359487885,0.30666666666666664,0.75,0.8133333333333334,61,0.0325,0.01584411837178567,186,5200.0,120,0.4,24,1.0,0.05,1000,160,2,75,500,-500,sweep_160bees_75plants_r6,2025-12-17T11:16:40.592387
2307.82854790385,0.29933333333333334,0.73125,0.7866666666666666,59,0.03284375,0.014231451478417345,188,5255.0,117,0.4,24,1.0,0.05,1000,160,2,75,500,-500,sweep_160bees_75plants_r7,2025-12-17T11:16:58.333284
2028.1488081297787,0.338,0.70625,0.72,54,0.03103125,0.01530028263982016,183,4965.0,113,0.4,24,1.0,0.05,1000,160,2,75,500,-500,sweep_160bees_75plants_r8,2025-12-17T11:17:16.478344
2074.89193661545,0.302,0.71875,0.76,57,0.03271875,0.01576889351325477,192,5235.0,115,0.4,24,1.0,0.05,1000,160,2,75,500,-500,sweep_160bees_75plants_r9,2025-12-17T11:17:34.155786
2308.51898665694,0.44300000000000006,0.585,0.66,66,0.02785,0.012064011671972737,200,5570.0,117,0.4,24,1.0,0.05,1000,200,2,100,500,-500,sweep_200bees_100plants_r0,2025-12-17T11:35:30.857293
1896.3262180032325,0.20850000000000002,0.945,0.87,87,0.039575,0.02086929960904677,293,7915.0,189,0.4,24,1.0,0.05,1000,200,2,100,500,-500,sweep_200bees_100plants_r1,2025-12-17T11:35:56.560619
1936.8929768179387,0.20450000000000002,0.98,0.83,83,0.039775,0.020535466066558365,294,7955.0,196,0.4,24,1.0,0.05,1000,200,2,100,500,-500,sweep_200bees_100plants_r2,2025-12-17T11:36:22.273389
2096.19188006695,0.49,0.53,0.59,59,0.0255,0.012164916886895659,180,5100.0,106,0.4,24,1.0,0.05,1000,200,2,100,500,-500,sweep_200bees_100plants_r3,2025-12-17T11:36:54.725080
1927.7721334860214,0.1905,0.965,0.89,89,0.040475,0.020995738706321272,295,8095.0,193,0.4,24,1.0,0.05,1000,200,2,100,500,-500,sweep_200bees_100plants_r4,2025-12-17T11:37:20.071521
2026.1123853228596,0.5025,0.52,0.6,60,0.024875,0.01227720642753792,178,4975.0,104,0.4,24,1.0,0.05,1000,200,2,100,500,-500,sweep_200bees_100plants_r5,2025-12-17T11:37:52.536444
1914.3457962139644,0.4315,0.66,0.61,61,0.028425,0.01484841456345903,202,5685.0,132,0.4,24,1.0,0.05,1000,200,2,100,500,-500,sweep_200bees_100plants_r6,2025-12-17T11:38:21.181239
1913.7823275235846,0.1975,0.93,0.88,88,0.040125,0.020966334270586223,291,8025.0,186,0.4,24,1.0,0.05,1000,200,2,100,500,-500,sweep_200bees_100plants_r7,2025-12-17T11:38:49.125566
2107.3725090469347,0.2245,0.88,0.86,86,0.038775,0.01839968958195061,283,7755.0,176,0.4,24,1.0,0.05,1000,200,2,100,500,-500,sweep_200bees_100plants_r8,2025-12-17T11:39:16.055053
2350.6628051910257,0.41450000000000004,0.635,0.67,67,0.029275,0.012453934241589781,210,5855.0,127,0.4,24,1.0,0.05,1000,200,2,100,500,-500,sweep_200bees_100plants_r9,2025-12-17T11:39:46.118091
2304.9154250180286,0.15499999999999997,0.065,1.0,10,0.004225,0.0018330390582409128,28,845.0,13,0.4,24,1.0,0.05,1000,200,2,10,500,-500,sweep_200bees_10plants_r0,2025-12-17T10:50:12.341605
2278.948719712228,0.16,0.09,0.9,9,0.0042,0.0018429550273208212,28,840.0,18,0.4,24,1.0,0.05,1000,200,2,10,500,-500,sweep_200bees_10plants_r1,2025-12-17T10:50:16.703254
2369.775630352185,0.06,0.065,1.0,10,0.0047,0.001983310124301307,30,940.0,13,0.4,24,1.0,0.05,1000,200,2,10,500,-500,sweep_200bees_10plants_r2,2025-12-17T10:50:21.165933
2273.923129907764,0.03,0.065,1.0,10,0.00485,0.002132877728455459,30,970.0,13,0.4,24,1.0,0.05,1000,200,2,10,500,-500,sweep_200bees_10plants_r3,2025-12-17T10:50:25.684805
2301.881070177232,0.0,0.105,1.0,10,0.005,0.0021721365472695897,34,1000.0,21,0.4,24,1.0,0.05,1000,200,2,10,500,-500,sweep_200bees_10plants_r4,2025-12-17T10:50:29.848041
2231.4090243217183,0.06,0.06,1.0,10,0.0047,0.0021062924586085956,30,940.0,12,0.4,24,1.0,0.05,1000,200,2,10,500,-500,sweep_200bees_10plants_r5,2025-12-17T10:50:34.567783
2421.4868309078192,0.0,0.08,1.0,10,0.005,0.002064847075020223,30,1000.0,16,0.4,24,1.0,0.05,1000,200,2,10,500,-500,sweep_200bees_10plants_r6,2025-12-17T10:50:38.708791
2326.2142566733264,0.0,0.08,1.0,10,0.005,0.0021494150788803103,32,1000.0,16,0.4,24,1.0,0.05,1000,200,2,10,500,-500,sweep_200bees_10plants_r7,2025-12-17T10:50:43.135908
2318.300521160698,0.06,0.08,1.0,10,0.0047,0.002027347169661534,29,940.0,16,0.4,24,1.0,0.05,1000,200,2,10,500,-500,sweep_200bees_10plants_r8,2025-12-17T10:50:47.392594
2325.5835870826313,0.095,0.065,1.0,10,0.004525,0.0019457481662383353,28,905.0,13,0.4,24,1.0,0.05,1000,200,2,10,500,-500,sweep_200bees_10plants_r9,2025-12-17T10:50:52.282924
2345.269628552777,0.09,0.24,0.96,24,0.011375,0.004850188593035806,81,2275.0,48,0.4,24,1.0,0.05,1000,200,2,25,500,-500,sweep_200bees_25plants_r0,2025-12-17T10:55:23.125963
2187.717091454279,0.06,0.245,1.0,25,0.01175,0.00537089555404498,82,2350.0,49,0.4,24,1.0,0.05,1000,200,2,25,500,-500,sweep_200bees_25plants_r1,2025-12-17T10:55:31.442401
2191.784012536379,0.07200000000000001,0.24,0.96,24,0.0116,0.005292492295614582,78,2320.0,48,0.4,24,1.0,0.05,1000,200,2,25,500,-500,sweep_200bees_25plants_r2,2025-12-17T10:55:40.121350
2274.248771605624,0.012,0.255,1.0,25,0.01235,0.005430364590801066,82,2470.0,51,0.4,24,1.0,0.05,1000,200,2,25,500,-500,sweep_200bees_25plants_r3,2025-12-17T10:55:48.034029
2237.5432547167225,0.28600000000000003,0.155,0.88,22,0.008925,0.0039887497062620686,58,1785.0,31,0.4,24,1.0,0.05,1000,200,2,25,500,-500,sweep_200bees_25plants_r4,2025-12-17T10:55:57.503112
2255.1909578906407,0.272,0.12,0.92,23,0.0091,0.004035135015134838,61,1820.0,24,0.4,24,1.0,0.05,1000,200,2,25,500,-500,sweep_200bees_25plants_r5,2025-12-17T10:56:07.513948
2231.8512222017134,0.086,0.225,0.96,24,0.011425,0.005119068818901502,76,2285.0,45,0.4,24,1.0,0.05,1000,200,2,25,500,-500,sweep_200bees_25plants_r6,2025-12-17T10:56:16.027787
2277.6103115826977,0.024,0.205,1.0,25,0.0122,0.005356491379564529,77,2440.0,41,0.4,24,1.0,0.05,1000,200,2,25,500,-500,sweep_200bees_25plants_r7,2025-12-17T10:56:24.307421
2280.0924202109436,0.024,0.25,1.0,25,0.0122,0.0053506603030026795,77,2440.0,50,0.4,24,1.0,0.05,1000,200,2,25,500,-500,sweep_200bees_25plants_r8,2025-12-17T10:56:32.426318
2152.1409153264785,0.07200000000000001,0.235,1.0,25,0.0116,0.005389981630566364,78,2320.0,47,0.4,24,1.0,0.05,1000,200,2,25,500,-500,sweep_200bees_25plants_r9,2025-12-17T10:56:41.068939
2286.013506948164,0.086,0.48,0.98,49,0.02285,0.009995566487489758,160,4570.0,96,0.4,24,1.0,0.05,1000,200,2,50,500,-500,sweep_200bees_50plants_r0,2025-12-17T11:04:31.273004
2235.448594946447,0.267,0.35,0.82,41,0.018325,0.008197459803560816,132,3665.0,70,0.4,24,1.0,0.05,1000,200,2,50,500,-500,sweep_200bees_50plants_r1,2025-12-17T11:04:48.424047
2113.6358136269077,0.273,0.38,0.82,41,0.018175,0.008598926968791509,133,3635.0,76,0.4,24,1.0,0.05,1000,200,2,50,500,-500,sweep_200bees_50plants_r2,2025-12-17T11:05:05.110829
2064.5331904458526,0.122,0.4,0.98,49,0.02195,0.010631943386320527,157,4390.0,80,0.4,24,1.0,0.05,1000,200,2,50,500,-500,sweep_200bees_50plants_r3,2025-12-17T11:05:21.278596
2036.298710713606,0.057999999999999996,0.555,0.98,49,0.02355,0.01156510087449158,173,4710.0,111,0.4,24,1.0,0.05,1000,200,2,50,500,-500,sweep_200bees_50plants_r4,2025-12-17T11:05:35.790239
2381.077152799117,0.293,0.33,0.8,40,0.017675,0.007423110997987547,118,3535.0,66,0.4,24,1.0,0.05,1000,200,2,50,500,-500,sweep_200bees_50plants_r5,2025-12-17T11:05:52.842883
2277.4058670959294,0.024000000000000004,0.57,1.0,50,0.0244,0.010713944471880215,171,4880.0,114,0.4,24,1.0,0.05,1000,200,2,50,500,-500,sweep_200bees_50plants_r6,2025-12-17T11:06:06.760798
2094.441742528596,0.16399999999999998,0.45,0.88,44,0.0209,0.009978792713884542,145,4180.0,90,0.4,24,1.0,0.05,1000,200,2,50,500,-500,sweep_200bees_50plants_r7,2025-12-17T11:06:22.178792
2191.9468090015253,0.26599999999999996,0.345,0.84,42,0.01835,0.008371553508800145,129,3670.0,69,0.4,24,1.0,0.05,1000,200,2,50,500,-500,sweep_200bees_50plants_r8,2025-12-17T11:06:38.768590
2106.690111080494,0.075,0.445,1.0,50,0.023125,0.010976934803258507,162,4625.0,89,0.4,24,1.0,0.05,1000,200,2,50,500,-500,sweep_200bees_50plants_r9,2025-12-17T11:06:54.180834
1909.7976244904119,0.13066666666666668,0.76,0.9333333333333333,70,0.0326,0.01706987147850213,239,6520.0,152,0.4,24,1.0,0.05,1000,200,2,75,500,-500,sweep_200bees_75plants_r0,2025-12-17T11:17:54.732448
2220.7302511932285,0.474,0.32,0.6666666666666666,50,0.019725,0.008882213402281295,138,3945.0,64,0.4,24,1.0,0.05,1000,200,2,75,500,-500,sweep_200bees_75plants_r1,2025-12-17T11:18:21.743120
2146.5500623575435,0.47,0.415,0.6266666666666667,47,0.019875,0.009259043312584755,140,3975.0,83,0.4,24,1.0,0.05,1000,200,2,75,500,-500,sweep_200bees_75plants_r2,2025-12-17T11:18:48.150101
2207.0234301951627,0.32466666666666666,0.555,0.8266666666666667,62,0.025325,0.011474730921982356,178,5065.0,111,0.4,24,1.0,0.05,1000,200,2,75,500,-500,sweep_200bees_75plants_r3,2025-12-17T11:19:12.075807
2020.339089550188,0.17333333333333334,0.695,0.8933333333333333,67,0.031,0.015343958922708316,223,6200.0,139,0.4,24,1.0,0.05,1000,200,2,75,500,-500,sweep_200bees_75plants_r4,2025-12-17T11:19:33.652729
2108.5676370390947,0.33399999999999996,0.555,0.7333333333333333,55,0.024975,0.011844533493395802,180,4995.0,111,0.4,24,1.0,0.05,1000,200,2,75,500,-500,sweep_200bees_75plants_r5,2025-12-17T11:19:56.333030
2119.0879309080924,0.352,0.54,0.7333333333333333,55,0.0243,0.011467197583248339,172,4860.0,108,0.4,24,1.0,0.05,1000,200,2,75,500,-500,sweep_200bees_75plants_r6,2025-12-17T11:20:19.767202
2000.203252103451,0.2253333333333333,0.655,0.8533333333333334,64,0.02905,0.01452352403159553,208,5810.0,131,0.4,24,1.0,0.05,1000,200,2,75,500,-500,sweep_200bees_75plants_r7,2025-12-17T11:20:41.304928
1939.495391282541,0.1706666666666667,0.69,0.88,66,0.0311,0.016035098685867114,225,6220.0,138,0.4,24,1.0,0.05,1000,200,2,75,500,-500,sweep_200bees_75plants_r8,2025-12-17T11:21:02.809681
1982.8400782937276,0.2546666666666667,0.65,0.8,60,0.02795,0.014095942636004975,204,5590.0,130,0.4,24,1.0,0.05,1000,200,2,75,500,-500,sweep_200bees_75plants_r9,2025-12-17T11:21:25.148826
1519.0269980014334,0.7239999999999999,3.6,0.36,36,0.138,0.09084762823936969,99,2760.0,72,0.4,24,1.0,0.05,1000,20,2,100,500,-500,sweep_20bees_100plants_r0,2025-12-17T11:21:27.294412
1519.7257528734547,0.7060000000000001,3.8,0.38,38,0.147,0.09672797853300606,106,2940.0,76,0.4,24,1.0,0.05,1000,20,2,100,500,-500,sweep_20bees_100plants_r1,2025-12-17T11:21:29.269468
1797.1715855464706,0.7755,2.9,0.3,30,0.11225,0.06245925592345032,80,2245.0,58,0.4,24,1.0,0.05,1000,20,2,100,500,-500,sweep_20bees_100plants_r2,2025-12-17T11:21:31.621544
1570.450314262906,0.7340000000000001,3.4,0.33,33,0.133,0.08468908490264707,96,2660.0,68,0.4,24,1.0,0.05,1000,20,2,100,500,-500,sweep_20bees_100plants_r3,2025-12-17T11:21:33.664001
1786.7324237278651,0.8030000000000002,2.5,0.23,23,0.0985,0.05512856804517385,71,1970.0,50,0.4,24,1.0,0.05,1000,20,2,100,500,-500,sweep_20bees_100plants_r4,2025-12-17T11:21:36.314111
1618.016511127343,0.7275,3.35,0.36,36,0.13625,0.08420804056261988,97,2725.0,67,0.4,24,1.0,0.05,1000,20,2,100,500,-500,sweep_20bees_100plants_r5,2025-12-17T11:21:38.357838
1695.871143849949,0.7915000000000001,2.7,0.28,28,0.10425,0.06147283086811227,74,2085.0,54,0.4,24,1.0,0.05,1000,20,2,100,500,-500,sweep_20bees_100plants_r6,2025-12-17T11:21:40.757215
1725.7417217816176,0.8015000000000001,2.4,0.28,28,0.09925,0.057511502878621085,68,1985.0,48,0.4,24,1.0,0.05,1000,20,2,100,500,-500,sweep_20bees_100plants_r7,2025-12-17T11:21:43.218770
1686.289602778613,0.8215,2.25,0.24,24,0.08925,0.05292685186040213,65,1785.0,45,0.4,24,1.0,0.05,1000,20,2,100,500,-500,sweep_20bees_100plants_r8,2025-12-17T11:21:45.931246
1771.781690876797,0.769,2.95,0.27,27,0.1155,0.0651886180982279,85,2310.0,59,0.4,24,1.0,0.05,1000,20,2,100,500,-500,sweep_20bees_100plants_r9,2025-12-17T11:21:48.549048
2179.929117613404,0.49000000000000005,0.6,0.6,6,0.0255,0.011697628053116478,18,510.0,12,0.4,24,1.0,0.05,1000,20,2,10,500,-500,sweep_20bees_10plants_r0,2025-12-17T10:48:00.351383
1947.8791127677953,0.45999999999999996,0.55,0.7,7,0.027,0.01386122979758993,19,540.0,11,0.4,24,1.0,0.05,1000,20,2,10,500,-500,sweep_20bees_10plants_r1,2025-12-17T10:48:00.802548
2164.4706796727437,0.5900000000000001,0.45,0.6,6,0.0205,0.009471137767086541,13,410.0,9,0.4,24,1.0,0.05,1000,20,2,10,500,-500,sweep_20bees_10plants_r2,2025-12-17T10:48:01.286441
2325.7843036063578,0.6599999999999999,0.25,0.5,5,0.017,0.007309362254117816,10,340.0,5,0.4,24,1.0,0.05,1000,20,2,10,500,-500,sweep_20bees_10plants_r3,2025-12-17T10:48:01.819507
2117.6504825864167,0.665,0.35,0.4,4,0.01675,0.007909709433986573,11,335.0,7,0.4,24,1.0,0.05,1000,20,2,10,500,-500,sweep_20bees_10plants_r4,2025-12-17T10:48:02.340040
2105.5618611582245,0.525,0.6,0.6,6,0.02375,0.01127964959763074,16,475.0,12,0.4,24,1.0,0.05,1000,20,2,10,500,-500,sweep_20bees_10plants_r5,2025-12-17T10:48:02.854396
2077.279831637366,0.25,0.75,1.0,10,0.0375,0.018052454671184825,24,750.0,15,0.4,24,1.0,0.05,1000,20,2,10,500,-500,sweep_20bees_10plants_r6,2025-12-17T10:48:03.294756
2358.9326964498896,0.45999999999999996,0.5,0.7,7,0.027,0.01144585432243745,17,540.0,10,0.4,24,1.0,0.05,1000,20,2,10,500,-500,sweep_20bees_10plants_r7,2025-12-17T10:48:03.746999
2348.6140429188954,0.665,0.35,0.4,4,0.01675,0.007131865727577286,11,335.0,7,0.4,24,1.0,0.05,1000,20,2,10,500,-500,sweep_20bees_10plants_r8,2025-12-17T10:48:04.250512
1945.0425941413,0.62,0.2,0.6,6,0.019,0.00976842361048044,11,380.0,4,0.4,24,1.0,0.05,1000,20,2,10,500,-500,sweep_20bees_10plants_r9,2025-12-17T10:48:04.779044
2955.7738457171827,0.666,0.8,0.56,14,0.04175,0.01412489661903408,26,835.0,16,0.4,24,1.0,0.05,1000,20,2,25,500,-500,sweep_20bees_25plants_r0,2025-12-17T10:50:53.270839
1914.4495654579728,0.63,0.95,0.56,14,0.04625,0.024158379951334012,29,925.0,19,0.4,24,1.0,0.05,1000,20,2,25,500,-500,sweep_20bees_25plants_r1,2025-12-17T10:50:54.177238
1961.6874312736677,0.614,1.05,0.52,13,0.04825,0.024596171250724,32,965.0,21,0.4,24,1.0,0.05,1000,20,2,25,500,-500,sweep_20bees_25plants_r2,2025-12-17T10:50:55.093734
1924.3132528269464,0.478,1.4,0.76,19,0.06525,0.03390820070700201,44,1305.0,28,0.4,24,1.0,0.05,1000,20,2,25,500,-500,sweep_20bees_25plants_r3,2025-12-17T10:50:55.908514
1831.5869546067836,0.566,1.2,0.6,15,0.05425,0.029619123385625296,38,1085.0,24,0.4,24,1.0,0.05,1000,20,2,25,500,-500,sweep_20bees_25plants_r4,2025-12-17T10:50:56.741477
1881.2996656506434,0.608,1.05,0.64,16,0.049,0.026045824009145003,35,980.0,21,0.4,24,1.0,0.05,1000,20,2,25,500,-500,sweep_20bees_25plants_r5,2025-12-17T10:50:57.643307
2076.1719192032465,0.7219999999999999,0.55,0.52,13,0.03475,0.01673753492116187,23,695.0,11,0.4,24,1.0,0.05,1000,20,2,25,500,-500,sweep_20bees_25plants_r6,2025-12-17T10:50:58.556738
1953.9099281195172,0.576,1.15,0.48,12,0.053,0.02712509887853852,37,1060.0,23,0.4,24,1.0,0.05,1000,20,2,25,500,-500,sweep_20bees_25plants_r7,2025-12-17T10:50:59.404939
2042.089080743736,0.7120000000000001,0.7,0.4,10,0.036,0.01762900567828739,25,720.0,14,0.4,24,1.0,0.05,1000,20,2,25,500,-500,sweep_20bees_25plants_r8,2025-12-17T10:51:00.341057
2021.181802699765,0.47200000000000003,1.5,0.68,17,0.066,0.03265416298120309,47,1320.0,30,0.4,24,1.0,0.05,1000,20,2,25,500,-500,sweep_20bees_25plants_r9,2025-12-17T10:51:01.069821
1762.6704213428256,0.6679999999999999,1.8,0.4,20,0.083,0.047087645537711754,58,1660.0,36,0.4,24,1.0,0.05,1000,20,2,50,500,-500,sweep_20bees_50plants_r0,2025-12-17T10:56:42.405170
1718.5967629706633,0.694,1.9,0.46,23,0.0765,0.04451305951942251,53,1530.0,38,0.4,24,1.0,0.05,1000,20,2,50,500,-500,sweep_20bees_50plants_r1,2025-12-17T10:56:43.789349
1946.328837809167,0.705,1.7,0.42,21,0.07375,0.03789184980838835,52,1475.0,34,0.4,24,1.0,0.05,1000,20,2,50,500,-500,sweep_20bees_50plants_r2,2025-12-17T10:56:45.284915
1858.9778598378045,0.6990000000000001,2.0,0.4,20,0.07525,0.04047923411339904,53,1505.0,40,0.4,24,1.0,0.05,1000,20,2,50,500,-500,sweep_20bees_50plants_r3,2025-12-17T10:56:46.684526
1912.3914267708183,0.763,1.5,0.34,17,0.05925,0.030982151023363973,41,1185.0,30,0.4,24,1.0,0.05,1000,20,2,50,500,-500,sweep_20bees_50plants_r4,2025-12-17T10:56:48.281366
1891.6215182868195,0.7539999999999999,1.5,0.34,17,0.0615,0.03251178917424166,45,1230.0,30,0.4,24,1.0,0.05,1000,20,2,50,500,-500,sweep_20bees_50plants_r5,2025-12-17T10:56:49.873545
1784.518989242291,0.617,2.3,0.52,26,0.09575,0.05365591544680372,66,1915.0,46,0.4,24,1.0,0.05,1000,20,2,50,500,-500,sweep_20bees_50plants_r6,2025-12-17T10:56:51.162638
1871.392847567707,0.6469999999999999,2.1,0.46,23,0.08825,0.047157388741065565,61,1765.0,42,0.4,24,1.0,0.05,1000,20,2,50,500,-500,sweep_20bees_50plants_r7,2025-12-17T10:56:52.493685
2757.1033860952853,0.7170000000000001,1.65,0.4,20,0.07075,0.025660989122427813,47,1415.0,33,0.4,24,1.0,0.05,1000,20,2,50,500,-500,sweep_20bees_50plants_r8,2025-12-17T10:56:53.980085
1816.2419489396252,0.772,1.35,0.28,14,0.057,0.031383483920343465,41,1140.0,27,0.4,24,1.0,0.05,1000,20,2,50,500,-500,sweep_20bees_50plants_r9,2025-12-17T10:56:55.561648
1788.9698252725223,0.766,2.1,0.3333333333333333,25,0.08775,0.04905057578969094,62,1755.0,42,0.4,24,1.0,0.05,1000,20,2,75,500,-500,sweep_20bees_75plants_r0,2025-12-17T11:06:56.295561
1760.6413213492851,0.7479999999999999,2.3,0.37333333333333335,28,0.0945,0.05367362384041911,68,1890.0,46,0.4,24,1.0,0.05,1000,20,2,75,500,-500,sweep_20bees_75plants_r1,2025-12-17T11:06:58.126380
1932.631407923461,0.6826666666666668,2.9,0.4533333333333333,34,0.119,0.06157407952293448,85,2380.0,58,0.4,24,1.0,0.05,1000,20,2,75,500,-500,sweep_20bees_75plants_r2,2025-12-17T11:06:59.738332
1677.4059104926769,0.72,2.65,0.36,27,0.105,0.06259665555200057,77,2100.0,53,0.4,24,1.0,0.05,1000,20,2,75,500,-500,sweep_20bees_75plants_r3,2025-12-17T11:07:01.635643
1657.4744367863016,0.734,2.3,0.37333333333333335,28,0.09975,0.060181923646078404,73,1995.0,46,0.4,24,1.0,0.05,1000,20,2,75,500,-500,sweep_20bees_75plants_r4,2025-12-17T11:07:03.406956
1820.3597755866947,0.7473333333333334,2.4,0.30666666666666664,23,0.09475,0.05205015034429798,69,1895.0,48,0.4,24,1.0,0.05,1000,20,2,75,500,-500,sweep_20bees_75plants_r5,2025-12-17T11:07:05.399251
1693.5200167561047,0.7206666666666667,2.45,0.4266666666666667,32,0.10475,0.061853417121485225,73,2095.0,49,0.4,24,1.0,0.05,1000,20,2,75,500,-500,sweep_20bees_75plants_r6,2025-12-17T11:07:07.233200
1680.9421315674986,0.782,2.15,0.32,24,0.08175,0.04863344101189679,56,1635.0,43,0.4,24,1.0,0.05,1000,20,2,75,500,-500,sweep_20bees_75plants_r7,2025-12-17T11:07:09.229272
1620.5544176410117,0.7153333333333333,2.7,0.38666666666666666,29,0.10675,0.06587251797159178,76,2135.0,54,0.4,24,1.0,0.05,1000,20,2,75,500,-500,sweep_20bees_75plants_r8,2025-12-17T11:07:10.965410
1768.357605460264,0.7493333333333333,2.35,0.37333333333333335,28,0.094,0.05315666905254376,67,1880.0,47,0.4,24,1.0,0.05,1000,20,2,75,500,-500,sweep_20bees_75plants_r9,2025-12-17T11:07:12.967257
1875.598967524217,0.7995,1.6666666666666667,0.23,23,0.06683333333333333,0.035633061486247807,71,2005.0,50,0.4,24,1.0,0.05,1000,30,2,100,500,-500,sweep_30bees_100plants_r0,2025-12-17T11:21:52.825457
1745.1756044612735,0.7064999999999999,2.3333333333333335,0.38,38,0.09783333333333333,0.05605930605678732,106,2935.0,70,0.4,24,1.0,0.05,1000,30,2,100,500,-500,sweep_30bees_100plants_r1,2025-12-17T11:21:56.749269
1627.661814623045,0.7084999999999999,2.2666666666666666,0.38,38,0.09716666666666667,0.05969708559463244,103,2915.0,68,0.4,24,1.0,0.05,1000,30,2,100,500,-500,sweep_30bees_100plants_r2,2025-12-17T11:22:00.295547
1783.606804364494,0.7469999999999999,2.0,0.3,30,0.08433333333333333,0.047282468942689206,91,2530.0,60,0.4,24,1.0,0.05,1000,30,2,100,500,-500,sweep_30bees_100plants_r3,2025-12-17T11:22:04.311093
1725.422224734182,0.7659999999999999,1.9666666666666666,0.28,28,0.078,0.045206326244010595,83,2340.0,59,0.4,24,1.0,0.05,1000,30,2,100,500,-500,sweep_30bees_100plants_r4,2025-12-17T11:22:08.451696
1694.938075350257,0.706,2.4,0.4,40,0.098,0.057819221495598545,106,2940.0,72,0.4,24,1.0,0.05,1000,30,2,100,500,-500,sweep_30bees_100plants_r5,2025-12-17T11:22:12.046625
2033.6226932727914,0.8325,1.2333333333333334,0.2,20,0.05583333333333333,0.027455109307163803,60,1675.0,37,0.4,24,1.0,0.05,1000,30,2,100,500,-500,sweep_30bees_100plants_r6,2025-12-17T11:22:16.700555
1666.493258274026,0.693,2.433333333333333,0.39,39,0.10233333333333333,0.06140638902993173,110,3070.0,73,0.4,24,1.0,0.05,1000,30,2,100,500,-500,sweep_30bees_100plants_r7,2025-12-17T11:22:20.261511
1670.7082882041673,0.7204999999999999,2.3,0.35,35,0.09316666666666666,0.055764771938020895,101,2795.0,69,0.4,24,1.0,0.05,1000,30,2,100,500,-500,sweep_30bees_100plants_r8,2025-12-17T11:22:23.878984
2039.1423845092438,0.6685,2.7333333333333334,0.44,44,0.1105,0.0541894478970353,120,3315.0,82,0.4,24,1.0,0.05,1000,30,2,100,500,-500,sweep_30bees_100plants_r9,2025-12-17T11:22:27.360797
2426.0106791360245,0.5549999999999999,0.23333333333333334,0.7,7,0.014833333333333334,0.006114290205274747,13,445.0,7,0.4,24,1.0,0.05,1000,30,2,10,500,-500,sweep_30bees_10plants_r0,2025-12-17T10:48:05.546538
2239.696876175574,0.355,0.36666666666666664,0.8,8,0.0215,0.009599513321960169,20,645.0,11,0.4,24,1.0,0.05,1000,30,2,10,500,-500,sweep_30bees_10plants_r1,2025-12-17T10:48:06.249448
2019.9328547802966,0.265,0.5666666666666667,0.8,8,0.0245,0.0121291160456246,25,735.0,17,0.4,24,1.0,0.05,1000,30,2,10,500,-500,sweep_30bees_10plants_r2,2025-12-17T10:48:06.903464
2220.541220944641,0.52,0.23333333333333334,0.7,7,0.016,0.0072054505672240745,15,480.0,7,0.4,24,1.0,0.05,1000,30,2,10,500,-500,sweep_30bees_10plants_r3,2025-12-17T10:48:07.633004
2286.7866236892282,0.425,0.4,0.8,8,0.019166666666666665,0.008381484511110817,20,575.0,12,0.4,24,1.0,0.05,1000,30,2,10,500,-500,sweep_30bees_10plants_r4,2025-12-17T10:48:08.325328
2231.7110662639852,0.45999999999999996,0.4,0.6,6,0.018,0.008065560220630643,19,540.0,12,0.4,24,1.0,0.05,1000,30,2,10,500,-500,sweep_30bees_10plants_r5,2025-12-17T10:48:09.056144
2211.396096154878,0.295,0.43333333333333335,0.9,9,0.0235,0.01062677104335186,22,705.0,13,0.4,24,1.0,0.05,1000,30,2,10,500,-500,sweep_30bees_10plants_r6,2025-12-17T10:48:09.732015
2057.853406527311,0.255,0.5,0.9,9,0.024833333333333332,0.012067591041501992,23,745.0,15,0.4,24,1.0,0.05,1000,30,2,10,500,-500,sweep_30bees_10plants_r7,2025-12-17T10:48:10.381047
2296.211385668402,0.29,0.5333333333333333,0.8,8,0.023666666666666666,0.010306832730810435,22,710.0,16,0.4,24,1.0,0.05,1000,30,2,10,500,-500,sweep_30bees_10plants_r8,2025-12-17T10:48:11.041876
2550.038047339806,0.195,0.36666666666666664,1.0,10,0.026833333333333334,0.010522718812499996,26,805.0,11,0.4,24,1.0,0.05,1000,30,2,10,500,-500,sweep_30bees_10plants_r9,2025-12-17T10:48:11.677555
2052.0700331253233,0.4799999999999999,0.9,0.68,17,0.043333333333333335,0.021116888134337323,43,1300.0,27,0.4,24,1.0,0.05,1000,30,2,25,500,-500,sweep_30bees_25plants_r0,2025-12-17T10:51:02.424586
1935.2720325467506,0.5840000000000001,0.7,0.68,17,0.034666666666666665,0.01791307169413622,35,1040.0,21,0.4,24,1.0,0.05,1000,30,2,25,500,-500,sweep_30bees_25plants_r1,2025-12-17T10:51:03.843265
2179.083545104404,0.7340000000000001,0.4,0.48,12,0.022166666666666668,0.010172472146130873,22,665.0,12,0.4,24,1.0,0.05,1000,30,2,25,500,-500,sweep_30bees_25plants_r2,2025-12-17T10:51:05.340346
2016.885961451648,0.49,0.9333333333333333,0.68,17,0.0425,0.021072088760740217,45,1275.0,28,0.4,24,1.0,0.05,1000,30,2,25,500,-500,sweep_30bees_25plants_r3,2025-12-17T10:51:06.599575
2161.319758349729,0.526,0.8666666666666667,0.56,14,0.0395,0.01827587049412815,39,1185.0,26,0.4,24,1.0,0.05,1000,30,2,25,500,-500,sweep_30bees_25plants_r4,2025-12-17T10:51:07.940842
1893.5566017442218,0.35,1.2,0.8,20,0.05416666666666667,0.028605781636932236,56,1625.0,36,0.4,24,1.0,0.05,1000,30,2,25,500,-500,sweep_30bees_25plants_r5,2025-12-17T10:51:09.096906
2022.1081002201724,0.632,0.5333333333333333,0.56,14,0.030666666666666665,0.015165691024791206,29,920.0,16,0.4,24,1.0,0.05,1000,30,2,25,500,-500,sweep_30bees_25plants_r6,2025-12-17T10:51:10.531667
1898.846928393374,0.63,0.6333333333333333,0.56,14,0.030833333333333334,0.016237924643784533,31,925.0,19,0.4,24,1.0,0.05,1000,30,2,25,500,-500,sweep_30bees_25plants_r7,2025-12-17T10:51:11.946182
1974.5475950996447,0.5159999999999999,0.8333333333333334,0.68,17,0.04033333333333333,0.020426619967749082,40,1210.0,25,0.4,24,1.0,0.05,1000,30,2,25,500,-500,sweep_30bees_25plants_r8,2025-12-17T10:51:13.289262
1851.476083064202,0.426,1.1,0.76,19,0.04783333333333333,0.025835242361958537,51,1435.0,33,0.4,24,1.0,0.05,1000,30,2,25,500,-500,sweep_30bees_25plants_r9,2025-12-17T10:51:14.482456
1785.424770741453,0.5820000000000001,1.7333333333333334,0.48,24,0.06966666666666667,0.03901965952770748,75,2090.0,52,0.4,24,1.0,0.05,1000,30,2,50,500,-500,sweep_30bees_50plants_r0,2025-12-17T10:56:57.770429
1794.0400818394253,0.543,1.8,0.58,29,0.07616666666666666,0.04245538738943511,82,2285.0,54,0.4,24,1.0,0.05,1000,30,2,50,500,-500,sweep_30bees_50plants_r1,2025-12-17T10:56:59.767381
1855.6720075712583,0.6559999999999999,1.4333333333333333,0.38,19,0.05733333333333333,0.030896264587389224,61,1720.0,43,0.4,24,1.0,0.05,1000,30,2,50,500,-500,sweep_30bees_50plants_r2,2025-12-17T10:57:02.169585
1957.427146552459,0.6729999999999999,1.2333333333333334,0.4,20,0.0545,0.02784267097551434,57,1635.0,37,0.4,24,1.0,0.05,1000,30,2,50,500,-500,sweep_30bees_50plants_r3,2025-12-17T10:57:04.483159
1756.052515087022,0.5840000000000001,1.8333333333333333,0.54,27,0.06933333333333333,0.03948249425211381,71,2080.0,55,0.4,24,1.0,0.05,1000,30,2,50,500,-500,sweep_30bees_50plants_r4,2025-12-17T10:57:06.623403
1887.500315864761,0.6559999999999999,1.4,0.44,22,0.05733333333333333,0.030375270855022868,60,1720.0,42,0.4,24,1.0,0.05,1000,30,2,50,500,-500,sweep_30bees_50plants_r5,2025-12-17T10:57:08.912723
1978.3381706893788,0.644,1.3333333333333333,0.5,25,0.059333333333333335,0.029991502065927295,62,1780.0,40,0.4,24,1.0,0.05,1000,30,2,50,500,-500,sweep_30bees_50plants_r6,2025-12-17T10:57:11.052974
1941.7338903270245,0.6010000000000001,1.4666666666666666,0.52,26,0.0665,0.034247741326078496,71,1995.0,44,0.4,24,1.0,0.05,1000,30,2,50,500,-500,sweep_30bees_50plants_r7,2025-12-17T10:57:13.232124
2147.8310986273796,0.759,0.8666666666666667,0.32,16,0.04016666666666667,0.01870103598571419,42,1205.0,26,0.4,24,1.0,0.05,1000,30,2,50,500,-500,sweep_30bees_50plants_r8,2025-12-17T10:57:15.885127
1750.13722070035,0.642,1.3333333333333333,0.46,23,0.059666666666666666,0.034092564834881885,62,1790.0,40,0.4,24,1.0,0.05,1000,30,2,50,500,-500,sweep_30bees_50plants_r9,2025-12-17T10:57:18.082433
1921.3042475898467,0.7319999999999999,1.5666666666666667,0.36,27,0.067,0.03487214483809486,70,2010.0,47,0.4,24,1.0,0.05,1000,30,2,75,500,-500,sweep_30bees_75plants_r0,2025-12-17T11:07:16.237735
1802.67601461671,0.7226666666666667,1.6333333333333333,0.37333333333333335,28,0.06933333333333333,0.03846133901552752,75,2080.0,49,0.4,24,1.0,0.05,1000,30,2,75,500,-500,sweep_30bees_75plants_r1,2025-12-17T11:07:19.455535
1846.8005457128493,0.6593333333333333,2.033333333333333,0.4533333333333333,34,0.08516666666666667,0.04611579028627212,90,2555.0,61,0.4,24,1.0,0.05,1000,30,2,75,500,-500,sweep_30bees_75plants_r2,2025-12-17T11:07:22.139011
1677.514074442675,0.6420000000000001,2.2666666666666666,0.4533333333333333,34,0.0895,0.053352756536325825,97,2685.0,68,0.4,24,1.0,0.05,1000,30,2,75,500,-500,sweep_30bees_75plants_r3,2025-12-17T11:07:25.002136
1839.3523536027255,0.7160000000000001,1.5666666666666667,0.32,24,0.071,0.038600543208011685,76,2130.0,47,0.4,24,1.0,0.05,1000,30,2,75,500,-500,sweep_30bees_75plants_r4,2025-12-17T11:07:28.143281
1673.3779997786842,0.6,2.4,0.49333333333333335,37,0.1,0.05975936101300824,108,3000.0,72,0.4,24,1.0,0.05,1000,30,2,75,500,-500,sweep_30bees_75plants_r5,2025-12-17T11:07:30.934047
1763.6830521804952,0.7293333333333334,1.6333333333333333,0.3466666666666667,26,0.06766666666666667,0.03836668191771095,71,2030.0,49,0.4,24,1.0,0.05,1000,30,2,75,500,-500,sweep_30bees_75plants_r6,2025-12-17T11:07:34.342654
2616.7861516677526,0.6733333333333333,2.0,0.4266666666666667,32,0.08166666666666667,0.03120876599511892,86,2450.0,60,0.4,24,1.0,0.05,1000,30,2,75,500,-500,sweep_30bees_75plants_r7,2025-12-17T11:07:37.291033
1738.7903077041794,0.6573333333333334,2.066666666666667,0.4666666666666667,35,0.08566666666666667,0.049267968821253144,93,2570.0,62,0.4,24,1.0,0.05,1000,30,2,75,500,-500,sweep_30bees_75plants_r8,2025-12-17T11:07:40.236219
1722.5811548372728,0.6173333333333333,2.4,0.5066666666666667,38,0.09566666666666666,0.05553681253160117,105,2870.0,72,0.4,24,1.0,0.05,1000,30,2,75,500,-500,sweep_30bees_75plants_r9,2025-12-17T11:07:42.927724
1752.3308651662574,0.7410000000000001,1.575,0.35,35,0.06475,0.036950784402154935,93,2590.0,63,0.4,24,1.0,0.05,1000,40,2,100,500,-500,sweep_40bees_100plants_r0,2025-12-17T11:22:32.722797
1918.2474678935807,0.825,1.025,0.2,20,0.04375,0.022807276293731634,64,1750.0,41,0.4,24,1.0,0.05,1000,40,2,100,500,-500,sweep_40bees_100plants_r1,2025-12-17T11:22:39.220619
1770.7677075962147,0.6819999999999999,1.825,0.39,39,0.0795,0.04489578145058892,115,3180.0,73,0.4,24,1.0,0.05,1000,40,2,100,500,-500,sweep_40bees_100plants_r2,2025-12-17T11:22:44.280949
1627.5602936402597,0.615,2.375,0.48,48,0.09625,0.05913759408858753,142,3850.0,95,0.4,24,1.0,0.05,1000,40,2,100,500,-500,sweep_40bees_100plants_r3,2025-12-17T11:22:48.596769
1685.2136355531547,0.6595,1.975,0.42,42,0.085125,0.05051288347311441,124,3405.0,79,0.4,24,1.0,0.05,1000,40,2,100,500,-500,sweep_40bees_100plants_r4,2025-12-17T11:22:53.699208
1742.3479561328836,0.662,1.975,0.41,41,0.0845,0.048497775488856164,122,3380.0,79,0.4,24,1.0,0.05,1000,40,2,100,500,-500,sweep_40bees_100plants_r5,2025-12-17T11:22:58.703062
1758.0023139007385,0.6805,1.925,0.41,41,0.079875,0.04543509378140099,114,3195.0,77,0.4,24,1.0,0.05,1000,40,2,100,500,-500,sweep_40bees_100plants_r6,2025-12-17T11:23:03.802191
1853.9986991956066,0.701,1.725,0.38,38,0.07475,0.04031825914032828,109,2990.0,69,0.4,24,1.0,0.05,1000,40,2,100,500,-500,sweep_40bees_100plants_r7,2025-12-17T11:23:09.048274
1725.506588821562,0.62,2.275,0.47,47,0.095,0.05505629512830804,140,3800.0,91,0.4,24,1.0,0.05,1000,40,2,100,500,-500,sweep_40bees_100plants_r8,2025-12-17T11:23:13.972272
1754.876295502219,0.6745,1.95,0.4,40,0.081375,0.04637078990044236,118,3255.0,78,0.4,24,1.0,0.05,1000,40,2,100,500,-500,sweep_40bees_100plants_r9,2025-12-17T11:23:18.960753
2404.6367010618487,0.36,0.3,0.9,9,0.016,0.006653811776612516,19,640.0,12,0.4,24,1.0,0.05,1000,40,2,10,500,-500,sweep_40bees_10plants_r0,2025-12-17T10:48:12.619311
2255.4997870176967,0.095,0.425,1.0,10,0.022625,0.010031036194384037,27,905.0,17,0.4,24,1.0,0.05,1000,40,2,10,500,-500,sweep_40bees_10plants_r1,2025-12-17T10:48:13.461760
2355.25304755176,0.215,0.375,1.0,10,0.019625,0.008332438002956756,28,785.0,15,0.4,24,1.0,0.05,1000,40,2,10,500,-500,sweep_40bees_10plants_r2,2025-12-17T10:48:14.330196
2379.458128169119,0.29500000000000004,0.3,0.8,8,0.017625,0.007407148624027945,21,705.0,12,0.4,24,1.0,0.05,1000,40,2,10,500,-500,sweep_40bees_10plants_r3,2025-12-17T10:48:15.216185
2239.02090741923,0.29,0.325,0.8,8,0.01775,0.007927572244271378,22,710.0,13,0.4,24,1.0,0.05,1000,40,2,10,500,-500,sweep_40bees_10plants_r4,2025-12-17T10:48:16.113099
2477.239879759226,0.385,0.25,0.8,8,0.015375,0.006206504313782631,19,615.0,10,0.4,24,1.0,0.05,1000,40,2,10,500,-500,sweep_40bees_10plants_r5,2025-12-17T10:48:17.045239
2040.110879711908,0.49000000000000005,0.275,0.6,6,0.01275,0.006249660313463196,19,510.0,11,0.4,24,1.0,0.05,1000,40,2,10,500,-500,sweep_40bees_10plants_r6,2025-12-17T10:48:18.003618
2175.9998986181786,0.495,0.175,0.6,6,0.012625,0.0058019304173760455,16,505.0,7,0.4,24,1.0,0.05,1000,40,2,10,500,-500,sweep_40bees_10plants_r7,2025-12-17T10:48:18.984803
2215.969529038219,0.22999999999999998,0.375,0.9,9,0.01925,0.008686942553923535,25,770.0,15,0.4,24,1.0,0.05,1000,40,2,10,500,-500,sweep_40bees_10plants_r8,2025-12-17T10:48:19.847198
3632.9979181581775,0.275,0.35,0.9,9,0.018125,0.004988992674454611,23,725.0,14,0.4,24,1.0,0.05,1000,40,2,10,500,-500,sweep_40bees_10plants_r9,2025-12-17T10:48:20.783910
1978.5202108597964,0.39,0.9,0.76,19,0.038125,0.01926945188163238,51,1525.0,36,0.4,24,1.0,0.05,1000,40,2,25,500,-500,sweep_40bees_25plants_r0,2025-12-17T10:51:16.219227
1956.7073313948117,0.37800000000000006,0.775,0.84,21,0.038875,0.01986755984211931,54,1555.0,31,0.4,24,1.0,0.05,1000,40,2,25,500,-500,sweep_40bees_25plants_r1,2025-12-17T10:51:17.972053
2101.63603423273,0.452,0.75,0.6,15,0.03425,0.016296827539171915,48,1370.0,30,0.4,24,1.0,0.05,1000,40,2,25,500,-500,sweep_40bees_25plants_r2,2025-12-17T10:51:19.753829
2247.5784651565286,0.5740000000000001,0.425,0.56,14,0.026625,0.011846082534051042,35,1065.0,17,0.4,24,1.0,0.05,1000,40,2,25,500,-500,sweep_40bees_25plants_r3,2025-12-17T10:51:21.701920
2070.272005767216,0.5680000000000001,0.5,0.52,13,0.027,0.013041764524074772,35,1080.0,20,0.4,24,1.0,0.05,1000,40,2,25,500,-500,sweep_40bees_25plants_r4,2025-12-17T10:51:23.713644
2031.2512479792035,0.518,0.675,0.68,17,0.030125,0.014830760118902055,42,1205.0,27,0.4,24,1.0,0.05,1000,40,2,25,500,-500,sweep_40bees_25plants_r5,2025-12-17T10:51:25.605863
2003.2293101644943,0.488,0.725,0.68,17,0.032,0.015974207165215814,43,1280.0,29,0.4,24,1.0,0.05,1000,40,2,25,500,-500,sweep_40bees_25plants_r6,2025-12-17T10:51:27.422468
2081.900617311515,0.57,0.6,0.48,12,0.026875,0.012908877482684702,35,1075.0,24,0.4,24,1.0,0.05,1000,40,2,25,500,-500,sweep_40bees_25plants_r7,2025-12-17T10:51:29.407680
1965.418100256836,0.43200000000000005,0.75,0.64,16,0.0355,0.018062314575896573,47,1420.0,30,0.4,24,1.0,0.05,1000,40,2,25,500,-500,sweep_40bees_25plants_r8,2025-12-17T10:51:31.250912
2032.4942327330614,0.59,0.6,0.56,14,0.025625,0.01260766185080018,36,1025.0,24,0.4,24,1.0,0.05,1000,40,2,25,500,-500,sweep_40bees_25plants_r9,2025-12-17T10:51:33.311803
1986.3054679701345,0.654,1.025,0.4,20,0.04325,0.02177409300705318,61,1730.0,41,0.4,24,1.0,0.05,1000,40,2,50,500,-500,sweep_40bees_50plants_r0,2025-12-17T10:57:21.341002
1882.8017048208803,0.565,1.125,0.58,29,0.054375,0.028879833633448374,78,2175.0,45,0.4,24,1.0,0.05,1000,40,2,50,500,-500,sweep_40bees_50plants_r1,2025-12-17T10:57:24.431824
1867.725631801003,0.504,1.35,0.58,29,0.062,0.033195453842015804,87,2480.0,54,0.4,24,1.0,0.05,1000,40,2,50,500,-500,sweep_40bees_50plants_r2,2025-12-17T10:57:27.260625
1884.3164819959122,0.5529999999999999,1.3,0.66,33,0.055875,0.029652662137103367,79,2235.0,52,0.4,24,1.0,0.05,1000,40,2,50,500,-500,sweep_40bees_50plants_r3,2025-12-17T10:57:30.101485
1876.9615140234941,0.579,1.2,0.56,28,0.052625,0.02803733566555232,72,2105.0,48,0.4,24,1.0,0.05,1000,40,2,50,500,-500,sweep_40bees_50plants_r4,2025-12-17T10:57:33.175139
1939.2777196572574,0.511,1.325,0.7,35,0.061125,0.03151946695432724,85,2445.0,53,0.4,24,1.0,0.05,1000,40,2,50,500,-500,sweep_40bees_50plants_r5,2025-12-17T10:57:36.066760
1838.1253881556543,0.5,1.525,0.62,31,0.0625,0.03400203294222028,87,2500.0,61,0.4,24,1.0,0.05,1000,40,2,50,500,-500,sweep_40bees_50plants_r6,2025-12-17T10:57:38.711636
1911.180943765604,0.43699999999999994,1.625,0.72,36,0.070375,0.03682278238989762,98,2815.0,65,0.4,24,1.0,0.05,1000,40,2,50,500,-500,sweep_40bees_50plants_r7,2025-12-17T10:57:41.487601
1789.5866228890852,0.525,1.5,0.58,29,0.059375,0.033178053099293836,85,2375.0,60,0.4,24,1.0,0.05,1000,40,2,50,500,-500,sweep_40bees_50plants_r8,2025-12-17T10:57:44.344416
1890.1157686470972,0.62,1.075,0.46,23,0.0475,0.025130735792971794,67,1900.0,43,0.4,24,1.0,0.05,1000,40,2,50,500,-500,sweep_40bees_50plants_r9,2025-12-17T10:57:47.462493
1728.4329736272944,0.5640000000000001,2.025,0.5466666666666666,41,0.08175,0.04729717683436646,117,3270.0,81,0.4,24,1.0,0.05,1000,40,2,75,500,-500,sweep_40bees_75plants_r0,2025-12-17T11:07:46.826551
1928.8229790654027,0.7106666666666667,1.275,0.3466666666666667,26,0.05425,0.02812596105957139,79,2170.0,51,0.4,24,1.0,0.05,1000,40,2,75,500,-500,sweep_40bees_75plants_r1,2025-12-17T11:07:51.584242
1944.5944530324773,0.7513333333333333,1.025,0.32,24,0.046625,0.023976721689857303,66,1865.0,41,0.4,24,1.0,0.05,1000,40,2,75,500,-500,sweep_40bees_75plants_r2,2025-12-17T11:07:56.393852
1765.4991791549444,0.586,1.775,0.5733333333333334,43,0.077625,0.04396773497065865,110,3105.0,71,0.4,24,1.0,0.05,1000,40,2,75,500,-500,sweep_40bees_75plants_r3,2025-12-17T11:08:00.264210
1870.125245611181,0.748,1.05,0.3333333333333333,25,0.04725,0.02526568747782349,67,1890.0,42,0.4,24,1.0,0.05,1000,40,2,75,500,-500,sweep_40bees_75plants_r4,2025-12-17T11:08:05.219681
1810.4508548637045,0.5753333333333334,2.025,0.52,39,0.079625,0.04398075749258291,115,3185.0,81,0.4,24,1.0,0.05,1000,40,2,75,500,-500,sweep_40bees_75plants_r5,2025-12-17T11:08:08.930903
1774.9497210904665,0.6280000000000001,1.675,0.49333333333333335,37,0.06975,0.039296887777276336,101,2790.0,67,0.4,24,1.0,0.05,1000,40,2,75,500,-500,sweep_40bees_75plants_r6,2025-12-17T11:08:13.124994
1891.88267715213,0.6846666666666666,1.35,0.38666666666666666,29,0.059125,0.03125193793147969,85,2365.0,54,0.4,24,1.0,0.05,1000,40,2,75,500,-500,sweep_40bees_75plants_r7,2025-12-17T11:08:17.500073
1954.8375438821604,0.5960000000000001,1.8,0.5333333333333333,40,0.07575,0.03875002310911534,107,3030.0,72,0.4,24,1.0,0.05,1000,40,2,75,500,-500,sweep_40bees_75plants_r8,2025-12-17T11:08:21.539098
1762.5120913987855,0.5680000000000001,2.0,0.5866666666666667,44,0.081,0.04595713152567131,115,3240.0,80,0.4,24,1.0,0.05,1000,40,2,75,500,-500,sweep_40bees_75plants_r9,2025-12-17T11:08:25.586765
1708.2613481820526,0.55,1.7333333333333334,0.56,56,0.075,0.043904289047935016,164,4500.0,104,0.4,24,1.0,0.05,1000,60,2,100,500,-500,sweep_60bees_100plants_r0,2025-12-17T11:23:26.064185
1731.7927126900079,0.54,1.9,0.57,57,0.07666666666666666,0.044270117378874804,167,4600.0,114,0.4,24,1.0,0.05,1000,60,2,100,500,-500,sweep_60bees_100plants_r1,2025-12-17T11:23:33.688288
1929.6516459920283,0.652,1.45,0.4,40,0.058,0.030057238631889107,127,3480.0,87,0.4,24,1.0,0.05,1000,60,2,100,500,-500,sweep_60bees_100plants_r2,2025-12-17T11:23:42.582492
2022.9572218167445,0.559,1.8166666666666667,0.54,54,0.0735,0.036332948224180595,160,4410.0,109,0.4,24,1.0,0.05,1000,60,2,100,500,-500,sweep_60bees_100plants_r3,2025-12-17T11:23:50.599189
1732.2650791107578,0.5329999999999999,1.9166666666666667,0.56,56,0.07783333333333334,0.04493153748344818,171,4670.0,115,0.4,24,1.0,0.05,1000,60,2,100,500,-500,sweep_60bees_100plants_r4,2025-12-17T11:23:58.544015
1693.6711517718177,0.563,1.75,0.53,53,0.07283333333333333,0.043003231918509945,159,4370.0,105,0.4,24,1.0,0.05,1000,60,2,100,500,-500,sweep_60bees_100plants_r5,2025-12-17T11:24:06.332145
1680.643422039115,0.563,1.75,0.51,51,0.07283333333333333,0.04333657715743478,160,4370.0,105,0.4,24,1.0,0.05,1000,60,2,100,500,-500,sweep_60bees_100plants_r6,2025-12-17T11:24:13.740666
1718.815420286722,0.5625000000000001,1.75,0.51,51,0.07291666666666667,0.0424226277039702,160,4375.0,105,0.4,24,1.0,0.05,1000,60,2,100,500,-500,sweep_60bees_100plants_r7,2025-12-17T11:24:21.934374
1902.5329469270696,0.6625,1.2833333333333334,0.4,40,0.05625,0.029565848040031997,120,3375.0,77,0.4,24,1.0,0.05,1000,60,2,100,500,-500,sweep_60bees_100plants_r8,2025-12-17T11:24:31.276222
1969.141188518152,0.6685,1.2666666666666666,0.38,38,0.05525,0.028057916985413104,122,3315.0,76,0.4,24,1.0,0.05,1000,60,2,100,500,-500,sweep_60bees_100plants_r9,2025-12-17T11:24:40.246395
2186.011202501749,0.145,0.25,1.0,10,0.01425,0.006518722311986231,29,855.0,15,0.4,24,1.0,0.05,1000,60,2,10,500,-500,sweep_60bees_10plants_r0,2025-12-17T10:48:22.115071
2311.2398803141173,0.095,0.3,1.0,10,0.015083333333333334,0.006526078691270843,29,905.0,18,0.4,24,1.0,0.05,1000,60,2,10,500,-500,sweep_60bees_10plants_r1,2025-12-17T10:48:23.333316
2293.7231818849705,0.32,0.15,0.8,8,0.011333333333333334,0.0049410205306551665,23,680.0,9,0.4,24,1.0,0.05,1000,60,2,10,500,-500,sweep_60bees_10plants_r2,2025-12-17T10:48:24.809956
2267.7386223645112,0.13,0.26666666666666666,0.9,9,0.0145,0.006394034946091464,27,870.0,16,0.4,24,1.0,0.05,1000,60,2,10,500,-500,sweep_60bees_10plants_r3,2025-12-17T10:48:26.117498
2149.5047975638504,0.09,0.2833333333333333,1.0,10,0.015166666666666667,0.007055888725559426,29,910.0,17,0.4,24,1.0,0.05,1000,60,2,10,500,-500,sweep_60bees_10plants_r4,2025-12-17T10:48:27.426022
2218.6587908257043,0.03,0.3,1.0,10,0.016166666666666666,0.007286684520178076,31,970.0,18,0.4,24,1.0,0.05,1000,60,2,10,500,-500,sweep_60bees_10plants_r5,2025-12-17T10:48:28.690602
2234.181470809197,0.08,0.2833333333333333,1.0,10,0.015333333333333332,0.006863065303186747,30,920.0,17,0.4,24,1.0,0.05,1000,60,2,10,500,-500,sweep_60bees_10plants_r6,2025-12-17T10:48:30.036090
2283.076089801652,0.25,0.16666666666666666,0.9,9,0.0125,0.005475069383730426,24,750.0,10,0.4,24,1.0,0.05,1000,60,2,10,500,-500,sweep_60bees_10plants_r7,2025-12-17T10:48:31.577232
2237.089928709584,0.0,0.3,1.0,10,0.016666666666666666,0.007450154977131592,32,1000.0,18,0.4,24,1.0,0.05,1000,60,2,10,500,-500,sweep_60bees_10plants_r8,2025-12-17T10:48:32.842905
2363.820849215875,0.06,0.3,1.0,10,0.015666666666666666,0.00662768782662341,29,940.0,18,0.4,24,1.0,0.05,1000,60,2,10,500,-500,sweep_60bees_10plants_r9,2025-12-17T10:48:34.119180
2047.3525359384098,0.242,0.6666666666666666,0.96,24,0.03158333333333333,0.015426426459992648,66,1895.0,40,0.4,24,1.0,0.05,1000,60,2,25,500,-500,sweep_60bees_25plants_r0,2025-12-17T10:51:36.001749
2495.558980686735,0.368,0.5666666666666667,0.72,18,0.026333333333333334,0.010552078126435166,52,1580.0,34,0.4,24,1.0,0.05,1000,60,2,25,500,-500,sweep_60bees_25plants_r1,2025-12-17T10:51:38.821138
2052.550456204052,0.37799999999999995,0.43333333333333335,0.84,21,0.025916666666666668,0.012626567394887071,51,1555.0,26,0.4,24,1.0,0.05,1000,60,2,25,500,-500,sweep_60bees_25plants_r2,2025-12-17T10:51:41.812675
2172.106881850156,0.276,0.5833333333333334,0.92,23,0.030166666666666668,0.013888205464811806,63,1810.0,35,0.4,24,1.0,0.05,1000,60,2,25,500,-500,sweep_60bees_25plants_r3,2025-12-17T10:51:44.506935
2140.818644658875,0.282,0.6,0.92,23,0.029916666666666668,0.013974404950791,61,1795.0,36,0.4,24,1.0,0.05,1000,60,2,25,500,-500,sweep_60bees_25plants_r4,2025-12-17T10:51:47.193167
2146.8499400333035,0.43200000000000005,0.5333333333333333,0.72,18,0.023666666666666666,0.011023903546001697,49,1420.0,32,0.4,24,1.0,0.05,1000,60,2,25,500,-500,sweep_60bees_25plants_r5,2025-12-17T10:51:50.133514
2087.453164286556,0.424,0.4666666666666667,0.72,18,0.024,0.011497263943741058,48,1440.0,28,0.4,24,1.0,0.05,1000,60,2,25,500,-500,sweep_60bees_25plants_r6,2025-12-17T10:51:53.001722
2077.767514040615,0.36400000000000005,0.4166666666666667,0.84,21,0.0265,0.012754073697333779,53,1590.0,25,0.4,24,1.0,0.05,1000,60,2,25,500,-500,sweep_60bees_25plants_r7,2025-12-17T10:51:55.867402
2052.2409380755803,0.08200000000000002,0.8333333333333334,1.0,25,0.03825,0.0186381624546812,80,2295.0,50,0.4,24,1.0,0.05,1000,60,2,25,500,-500,sweep_60bees_25plants_r8,2025-12-17T10:51:58.264649
2092.78358738202,0.46599999999999997,0.4166666666666667,0.72,18,0.02225,0.01063177298128268,46,1335.0,25,0.4,24,1.0,0.05,1000,60,2,25,500,-500,sweep_60bees_25plants_r9,2025-12-17T10:52:01.283038
1858.9193824382885,0.295,1.35,0.78,39,0.05875,0.031604382930764535,127,3525.0,81,0.4,24,1.0,0.05,1000,60,2,50,500,-500,sweep_60bees_50plants_r0,2025-12-17T10:57:51.475138
1958.6674443555328,0.29200000000000004,1.35,0.8,40,0.059,0.030122520374770905,127,3540.0,81,0.4,24,1.0,0.05,1000,60,2,50,500,-500,sweep_60bees_50plants_r1,2025-12-17T10:57:55.457370
1994.9401082714114,0.536,0.95,0.52,26,0.03866666666666667,0.01938236967934381,82,2320.0,57,0.4,24,1.0,0.05,1000,60,2,50,500,-500,sweep_60bees_50plants_r2,2025-12-17T10:58:00.252307
2059.248322909624,0.628,0.6833333333333333,0.46,23,0.031,0.015054036783770892,64,1860.0,41,0.4,24,1.0,0.05,1000,60,2,50,500,-500,sweep_60bees_50plants_r3,2025-12-17T10:58:05.440480
1946.0589433626487,0.333,1.2,0.8,40,0.05558333333333333,0.028561998865917884,119,3335.0,72,0.4,24,1.0,0.05,1000,60,2,50,500,-500,sweep_60bees_50plants_r4,2025-12-17T10:58:09.683264
2087.593713473037,0.47800000000000004,0.9333333333333333,0.62,31,0.0435,0.020837387907070758,93,2610.0,56,0.4,24,1.0,0.05,1000,60,2,50,500,-500,sweep_60bees_50plants_r5,2025-12-17T10:58:14.173079
1964.3712485615351,0.495,1.0166666666666666,0.6,30,0.042083333333333334,0.0214233095521786,90,2525.0,61,0.4,24,1.0,0.05,1000,60,2,50,500,-500,sweep_60bees_50plants_r6,2025-12-17T10:58:18.772452
1951.557809580862,0.44799999999999995,1.0,0.6,30,0.046,0.023570913336089933,99,2760.0,60,0.4,24,1.0,0.05,1000,60,2,50,500,-500,sweep_60bees_50plants_r7,2025-12-17T10:58:23.268847
1983.824294640553,0.539,0.7833333333333333,0.56,28,0.03841666666666667,0.019364954230297566,82,2305.0,47,0.4,24,1.0,0.05,1000,60,2,50,500,-500,sweep_60bees_50plants_r8,2025-12-17T10:58:28.121229
2028.8045948727156,0.578,0.7333333333333333,0.5,25,0.035166666666666666,0.017333688397365335,77,2110.0,44,0.4,24,1.0,0.05,1000,60,2,50,500,-500,sweep_60bees_50plants_r9,2025-12-17T10:58:33.171946
1882.4461374898513,0.44399999999999995,1.6,0.6666666666666666,50,0.0695,0.03692004706847805,149,4170.0,96,0.4,24,1.0,0.05,1000,60,2,75,500,-500,sweep_60bees_75plants_r0,2025-12-17T11:08:31.299092
1873.5772587888293,0.5893333333333334,1.2,0.5066666666666667,38,0.051333333333333335,0.027398567682507886,109,3080.0,72,0.4,24,1.0,0.05,1000,60,2,75,500,-500,sweep_60bees_75plants_r1,2025-12-17T11:08:37.854536
1794.1611850954446,0.5253333333333333,1.3666666666666667,0.6533333333333333,49,0.059333333333333335,0.0330702357325699,128,3560.0,82,0.4,24,1.0,0.05,1000,60,2,75,500,-500,sweep_60bees_75plants_r2,2025-12-17T11:08:43.822295
1854.6731481702327,0.4893333333333334,1.5166666666666666,0.6133333333333333,46,0.06383333333333334,0.034417564839556485,137,3830.0,91,0.4,24,1.0,0.05,1000,60,2,75,500,-500,sweep_60bees_75plants_r3,2025-12-17T11:08:50.041048
1906.2433982468754,0.5760000000000001,1.25,0.5066666666666667,38,0.053,0.02780337497758302,114,3180.0,75,0.4,24,1.0,0.05,1000,60,2,75,500,-500,sweep_60bees_75plants_r4,2025-12-17T11:08:56.779805
2219.1467585955147,0.5486666666666666,1.3166666666666667,0.6,45,0.056416666666666664,0.025422683942891842,118,3385.0,79,0.4,24,1.0,0.05,1000,60,2,75,500,-500,sweep_60bees_75plants_r5,2025-12-17T11:09:03.360498
1804.223170162663,0.4446666666666667,1.6166666666666667,0.64,48,0.06941666666666667,0.038474545618659955,149,4165.0,97,0.4,24,1.0,0.05,1000,60,2,75,500,-500,sweep_60bees_75plants_r6,2025-12-17T11:09:09.278456
1854.6746964039442,0.5760000000000001,1.2333333333333334,0.5466666666666666,41,0.053,0.028576439902244028,116,3180.0,74,0.4,24,1.0,0.05,1000,60,2,75,500,-500,sweep_60bees_75plants_r7,2025-12-17T11:09:15.856700
1796.397855163676,0.502,1.55,0.5866666666666667,44,0.06225,0.03465267998459516,138,3735.0,93,0.4,24,1.0,0.05,1000,60,2,75,500,-500,sweep_60bees_75plants_r8,2025-12-17T11:09:21.953858
1689.9777293003333,0.3486666666666666,1.9666666666666666,0.7466666666666667,56,0.08141666666666666,0.04817617726854538,180,4885.0,118,0.4,24,1.0,0.05,1000,60,2,75,500,-500,sweep_60bees_75plants_r9,2025-12-17T11:09:27.186483
1705.4506792926393,0.5335,1.5,0.57,57,0.06664285714285714,0.03907639074646137,171,4665.0,105,0.4,24,1.0,0.05,1000,70,2,100,500,-500,sweep_70bees_100plants_r0,2025-12-17T11:24:49.436956
1805.5179531489653,0.58,1.5,0.5,50,0.06,0.033231461307463205,154,4200.0,105,0.4,24,1.0,0.05,1000,70,2,100,500,-500,sweep_70bees_100plants_r1,2025-12-17T11:24:59.235620
2116.2618328065864,0.6345000000000001,1.1285714285714286,0.47,47,0.05221428571428571,0.024672885417509574,129,3655.0,79,0.4,24,1.0,0.05,1000,70,2,100,500,-500,sweep_70bees_100plants_r2,2025-12-17T11:25:09.709130
1943.9312052005307,0.637,1.1857142857142857,0.45,45,0.05185714285714286,0.02667642904152743,131,3630.0,83,0.4,24,1.0,0.05,1000,70,2,100,500,-500,sweep_70bees_100plants_r3,2025-12-17T11:25:20.928939
1819.1748346723284,0.534,1.5714285714285714,0.57,57,0.06657142857142857,0.03659429940576299,169,4660.0,110,0.4,24,1.0,0.05,1000,70,2,100,500,-500,sweep_70bees_100plants_r4,2025-12-17T11:25:30.517763
1809.7561613321102,0.524,1.6714285714285715,0.54,54,0.068,0.037574122665203206,174,4760.0,117,0.4,24,1.0,0.05,1000,70,2,100,500,-500,sweep_70bees_100plants_r5,2025-12-17T11:25:40.624642
1742.5205969066496,0.48,1.7857142857142858,0.62,62,0.07428571428571429,0.04263118290686921,190,5200.0,125,0.4,24,1.0,0.05,1000,70,2,100,500,-500,sweep_70bees_100plants_r6,2025-12-17T11:25:49.269956
1981.75271610685,0.6625,1.1142857142857143,0.46,46,0.048214285714285716,0.024329112972784315,122,3375.0,78,0.4,24,1.0,0.05,1000,70,2,100,500,-500,sweep_70bees_100plants_r7,2025-12-17T11:26:00.549348
1966.1747055279818,0.6494999999999999,1.0857142857142856,0.41,41,0.05007142857142857,0.025466418843987093,128,3505.0,76,0.4,24,1.0,0.05,1000,70,2,100,500,-500,sweep_70bees_100plants_r8,2025-12-17T11:26:12.034730
1972.0565486489854,0.5805,1.3,0.53,53,0.05992857142857143,0.030388870679001187,150,4195.0,91,0.4,24,1.0,0.05,1000,70,2,100,500,-500,sweep_70bees_100plants_r9,2025-12-17T11:26:22.483302
2479.0772065202073,0.32999999999999996,0.18571428571428572,0.8,8,0.009571428571428571,0.0038608836167969315,22,670.0,13,0.4,24,1.0,0.05,1000,70,2,10,500,-500,sweep_70bees_10plants_r0,2025-12-17T10:48:35.751449
2184.139137322006,0.05,0.2714285714285714,1.0,10,0.013571428571428571,0.006213628216043338,32,950.0,19,0.4,24,1.0,0.05,1000,70,2,10,500,-500,sweep_70bees_10plants_r1,2025-12-17T10:48:37.248028
2201.2198397050856,0.0,0.32857142857142857,1.0,10,0.014285714285714285,0.006489908017378333,35,1000.0,23,0.4,24,1.0,0.05,1000,70,2,10,500,-500,sweep_70bees_10plants_r2,2025-12-17T10:48:38.647755
2259.002179900678,0.13,0.24285714285714285,0.9,9,0.012428571428571428,0.005501797005400799,27,870.0,17,0.4,24,1.0,0.05,1000,70,2,10,500,-500,sweep_70bees_10plants_r3,2025-12-17T10:48:40.120811
2270.5541835604595,0.39,0.11428571428571428,0.8,8,0.008714285714285714,0.00383795541078911,19,610.0,8,0.4,24,1.0,0.05,1000,70,2,10,500,-500,sweep_70bees_10plants_r4,2025-12-17T10:48:41.780034
2601.87559017684,0.385,0.11428571428571428,0.8,8,0.008785714285714286,0.0033766850032661065,20,615.0,8,0.4,24,1.0,0.05,1000,70,2,10,500,-500,sweep_70bees_10plants_r5,2025-12-17T10:48:43.568813
2450.0732771420226,0.06,0.2571428571428571,1.0,10,0.013428571428571429,0.005480885634667905,30,940.0,18,0.4,24,1.0,0.05,1000,70,2,10,500,-500,sweep_70bees_10plants_r6,2025-12-17T10:48:45.090192
2236.5204169199933,0.0,0.2571428571428571,1.0,10,0.014285714285714285,0.006387473227446654,32,1000.0,18,0.4,24,1.0,0.05,1000,70,2,10,500,-500,sweep_70bees_10plants_r7,2025-12-17T10:48:46.622509
2238.581541708234,0.09,0.2857142857142857,1.0,10,0.013,0.00580724881260294,30,910.0,20,0.4,24,1.0,0.05,1000,70,2,10,500,-500,sweep_70bees_10plants_r8,2025-12-17T10:48:48.117016
2115.642040645633,0.065,0.21428571428571427,1.0,10,0.013357142857142857,0.006313517410093931,31,935.0,15,0.4,24,1.0,0.05,1000,70,2,10,500,-500,sweep_70bees_10plants_r9,2025-12-17T10:48:49.708289
2082.2699159871677,0.34600000000000003,0.5,0.72,18,0.023357142857142858,0.011217154259307274,56,1635.0,35,0.4,24,1.0,0.05,1000,70,2,25,500,-500,sweep_70bees_25plants_r0,2025-12-17T10:52:04.584063
2136.5929068407327,0.27399999999999997,0.5285714285714286,0.84,21,0.02592857142857143,0.012135475759353073,63,1815.0,37,0.4,24,1.0,0.05,1000,70,2,25,500,-500,sweep_70bees_25plants_r1,2025-12-17T10:52:07.737876
2122.0102840517625,0.592,0.2857142857142857,0.52,13,0.014571428571428572,0.006866803936315479,34,1020.0,20,0.4,24,1.0,0.05,1000,70,2,25,500,-500,sweep_70bees_25plants_r2,2025-12-17T10:52:11.480109
2069.5468664693894,0.294,0.4714285714285714,0.84,21,0.025214285714285713,0.012183481380782084,59,1765.0,33,0.4,24,1.0,0.05,1000,70,2,25,500,-500,sweep_70bees_25plants_r3,2025-12-17T10:52:14.654507
2004.2993983116312,0.086,0.7142857142857143,0.96,24,0.03264285714285714,0.016286417673105437,81,2285.0,50,0.4,24,1.0,0.05,1000,70,2,25,500,-500,sweep_70bees_25plants_r4,2025-12-17T10:52:17.522866
2187.535680920268,0.35600000000000004,0.44285714285714284,0.8,20,0.023,0.010514114215647534,51,1610.0,31,0.4,24,1.0,0.05,1000,70,2,25,500,-500,sweep_70bees_25plants_r5,2025-12-17T10:52:20.854416
2101.874560327031,0.282,0.4857142857142857,0.88,22,0.025642857142857144,0.012199994056194947,59,1795.0,34,0.4,24,1.0,0.05,1000,70,2,25,500,-500,sweep_70bees_25plants_r6,2025-12-17T10:52:24.094511
2157.641865146565,0.282,0.5142857142857142,0.88,22,0.025642857142857144,0.01188466795953427,61,1795.0,36,0.4,24,1.0,0.05,1000,70,2,25,500,-500,sweep_70bees_25plants_r7,2025-12-17T10:52:27.254894
2267.4155791199264,0.17800000000000002,0.6857142857142857,0.92,23,0.029357142857142856,0.012947402817324526,73,2055.0,48,0.4,24,1.0,0.05,1000,70,2,25,500,-500,sweep_70bees_25plants_r8,2025-12-17T10:52:30.178170
2008.506103696645,0.27199999999999996,0.5857142857142857,0.88,22,0.026,0.012944944479953103,65,1820.0,41,0.4,24,1.0,0.05,1000,70,2,25,500,-500,sweep_70bees_25plants_r9,2025-12-17T10:52:33.350178
1927.7630272602687,0.31,1.0857142857142856,0.8,40,0.04928571428571429,0.025566272196722747,123,3450.0,76,0.4,24,1.0,0.05,1000,70,2,50,500,-500,sweep_70bees_50plants_r0,2025-12-17T10:58:38.091683
1992.4131434160092,0.5479999999999999,0.6714285714285714,0.56,28,0.032285714285714286,0.016204327095714774,81,2260.0,47,0.4,24,1.0,0.05,1000,70,2,50,500,-500,sweep_70bees_50plants_r1,2025-12-17T10:58:44.020224
2069.3982589382526,0.451,0.9571428571428572,0.62,31,0.039214285714285715,0.01894960795724522,100,2745.0,67,0.4,24,1.0,0.05,1000,70,2,50,500,-500,sweep_70bees_50plants_r2,2025-12-17T10:58:49.455797
2003.1189595636126,0.42199999999999993,0.9,0.74,37,0.04128571428571429,0.020610715149293253,102,2890.0,63,0.4,24,1.0,0.05,1000,70,2,50,500,-500,sweep_70bees_50plants_r3,2025-12-17T10:58:54.764724
1997.722648129118,0.539,0.7857142857142857,0.56,28,0.032928571428571425,0.016483054571869264,83,2305.0,55,0.4,24,1.0,0.05,1000,70,2,50,500,-500,sweep_70bees_50plants_r4,2025-12-17T10:59:00.657387
3092.3945915665518,0.52,0.6857142857142857,0.66,33,0.03428571428571429,0.011087108475489138,82,2400.0,48,0.4,24,1.0,0.05,1000,70,2,50,500,-500,sweep_70bees_50plants_r5,2025-12-17T10:59:06.361629
1871.1290637702489,0.318,1.0571428571428572,0.8,40,0.04871428571428572,0.026034701003536557,121,3410.0,74,0.4,24,1.0,0.05,1000,70,2,50,500,-500,sweep_70bees_50plants_r6,2025-12-17T10:59:11.387404
1952.4877449946487,0.35100000000000003,1.0714285714285714,0.74,37,0.046357142857142854,0.02374260375051415,116,3245.0,75,0.4,24,1.0,0.05,1000,70,2,50,500,-500,sweep_70bees_50plants_r7,2025-12-17T10:59:16.409386
2133.1339185367324,0.43199999999999994,0.9285714285714286,0.68,34,0.04057142857142857,0.019019635016285986,101,2840.0,65,0.4,24,1.0,0.05,1000,70,2,50,500,-500,sweep_70bees_50plants_r8,2025-12-17T10:59:21.736252
2010.9456768290722,0.48999999999999994,0.7428571428571429,0.62,31,0.03642857142857143,0.018115144455823014,90,2550.0,52,0.4,24,1.0,0.05,1000,70,2,50,500,-500,sweep_70bees_50plants_r9,2025-12-17T10:59:27.505468
1997.2555826207208,0.6273333333333333,0.9,0.49333333333333335,37,0.03992857142857143,0.019991718524165404,101,2795.0,63,0.4,24,1.0,0.05,1000,70,2,75,500,-500,sweep_70bees_75plants_r0,2025-12-17T11:09:35.800160
1863.6204846905703,0.5233333333333333,1.1142857142857143,0.5733333333333334,43,0.05107142857142857,0.027404414681516186,131,3575.0,78,0.4,24,1.0,0.05,1000,70,2,75,500,-500,sweep_70bees_75plants_r1,2025-12-17T11:09:43.099847
1927.6769968396713,0.7020000000000001,0.7285714285714285,0.3466666666666667,26,0.03192857142857143,0.016563237244059406,81,2235.0,51,0.4,24,1.0,0.05,1000,70,2,75,500,-500,sweep_70bees_75plants_r2,2025-12-17T11:09:52.545440
1835.8257302271243,0.482,1.2285714285714286,0.6133333333333333,46,0.0555,0.03023162770092217,139,3885.0,86,0.4,24,1.0,0.05,1000,70,2,75,500,-500,sweep_70bees_75plants_r3,2025-12-17T11:09:59.893513
1779.584451141891,0.42866666666666664,1.4857142857142858,0.72,54,0.061214285714285714,0.03439807853738375,156,4285.0,104,0.4,24,1.0,0.05,1000,70,2,75,500,-500,sweep_70bees_75plants_r4,2025-12-17T11:10:06.841687
1888.4263457180143,0.45733333333333337,1.3,0.6133333333333333,46,0.05814285714285714,0.030789052098693405,144,4070.0,91,0.4,24,1.0,0.05,1000,70,2,75,500,-500,sweep_70bees_75plants_r5,2025-12-17T11:10:14.584487
1881.3449615695522,0.5213333333333333,1.2,0.6266666666666667,47,0.05128571428571429,0.027260133220293678,131,3590.0,84,0.4,24,1.0,0.05,1000,70,2,75,500,-500,sweep_70bees_75plants_r6,2025-12-17T11:10:22.298394
1793.9152767369626,0.4353333333333333,1.3285714285714285,0.6933333333333334,52,0.0605,0.03372511555286285,152,4235.0,93,0.4,24,1.0,0.05,1000,70,2,75,500,-500,sweep_70bees_75plants_r7,2025-12-17T11:10:29.577482
1956.0312960708925,0.45199999999999996,1.3857142857142857,0.7066666666666667,53,0.05871428571428571,0.030017048209926865,148,4110.0,97,0.4,24,1.0,0.05,1000,70,2,75,500,-500,sweep_70bees_75plants_r8,2025-12-17T11:10:36.696670
1877.3300937119484,0.43133333333333324,1.4142857142857144,0.6666666666666666,50,0.06092857142857143,0.03245490584348994,155,4265.0,99,0.4,24,1.0,0.05,1000,70,2,75,500,-500,sweep_70bees_75plants_r9,2025-12-17T11:10:43.730333
1792.0276962737335,0.4465,1.675,0.65,65,0.0691875,0.03860849926810035,202,5535.0,134,0.4,24,1.0,0.05,1000,80,2,100,500,-500,sweep_80bees_100plants_r0,2025-12-17T11:26:33.009290
1803.9147757444348,0.5615,1.325,0.5,50,0.0548125,0.03038530463690011,161,4385.0,106,0.4,24,1.0,0.05,1000,80,2,100,500,-500,sweep_80bees_100plants_r1,2025-12-17T11:26:44.931977
1757.0494944923762,0.5139999999999999,1.475,0.59,59,0.06075,0.034575007813056,178,4860.0,118,0.4,24,1.0,0.05,1000,80,2,100,500,-500,sweep_80bees_100plants_r2,2025-12-17T11:26:56.440062
1810.886785809977,0.5065,1.4625,0.59,59,0.0616875,0.034064802108768104,180,4935.0,117,0.4,24,1.0,0.05,1000,80,2,100,500,-500,sweep_80bees_100plants_r3,2025-12-17T11:27:08.354606
1817.4591427677988,0.5195000000000001,1.4875,0.55,55,0.0600625,0.03304751044281036,177,4805.0,119,0.4,24,1.0,0.05,1000,80,2,100,500,-500,sweep_80bees_100plants_r4,2025-12-17T11:27:19.918205
1716.1679936833366,0.45649999999999996,1.6375,0.61,61,0.0679375,0.03958674223622403,197,5435.0,131,0.4,24,1.0,0.05,1000,80,2,100,500,-500,sweep_80bees_100plants_r5,2025-12-17T11:27:30.727716
1878.789099883259,0.5355000000000001,1.3625,0.54,54,0.0580625,0.030904213785149057,169,4645.0,109,0.4,24,1.0,0.05,1000,80,2,100,500,-500,sweep_80bees_100plants_r6,2025-12-17T11:27:41.880706
1814.8767064318326,0.54,1.4125,0.53,53,0.0575,0.031682592980681754,171,4600.0,113,0.4,24,1.0,0.05,1000,80,2,100,500,-500,sweep_80bees_100plants_r7,2025-12-17T11:27:53.176194
1765.7025576972253,0.46399999999999997,1.6625,0.65,65,0.067,0.037945235854095,193,5360.0,133,0.4,24,1.0,0.05,1000,80,2,100,500,-500,sweep_80bees_100plants_r8,2025-12-17T11:28:03.585704
1682.501404358432,0.44549999999999995,1.6875,0.64,64,0.0693125,0.04119610231554612,202,5545.0,135,0.4,24,1.0,0.05,1000,80,2,100,500,-500,sweep_80bees_100plants_r9,2025-12-17T11:28:13.218567
2274.3239761440263,0.025,0.2625,1.0,10,0.0121875,0.005358735223230219,32,975.0,21,0.4,24,1.0,0.05,1000,80,2,10,500,-500,sweep_80bees_10plants_r0,2025-12-17T10:48:51.292029
2270.2032924027844,0.11000000000000001,0.175,1.0,10,0.011125,0.004900442192657246,29,890.0,14,0.4,24,1.0,0.05,1000,80,2,10,500,-500,sweep_80bees_10plants_r1,2025-12-17T10:48:53.161197
2294.2918096955855,0.4,0.1125,0.6,6,0.0075,0.00326898259772593,19,600.0,9,0.4,24,1.0,0.05,1000,80,2,10,500,-500,sweep_80bees_10plants_r2,2025-12-17T10:48:55.187014
2300.2657348903244,0.265,0.15,0.8,8,0.0091875,0.003994103750990342,23,735.0,12,0.4,24,1.0,0.05,1000,80,2,10,500,-500,sweep_80bees_10plants_r3,2025-12-17T10:48:57.082280
2271.8929532240463,0.0,0.1875,1.0,10,0.0125,0.005502019794665604,33,1000.0,15,0.4,24,1.0,0.05,1000,80,2,10,500,-500,sweep_80bees_10plants_r4,2025-12-17T10:48:58.808926
2164.7170491814495,0.0,0.225,1.0,10,0.0125,0.0057744267338434175,31,1000.0,18,0.4,24,1.0,0.05,1000,80,2,10,500,-500,sweep_80bees_10plants_r5,2025-12-17T10:49:00.520572
2291.5295053619166,0.0,0.2375,1.0,10,0.0125,0.005454871940662964,31,1000.0,19,0.4,24,1.0,0.05,1000,80,2,10,500,-500,sweep_80bees_10plants_r6,2025-12-17T10:49:02.212414
2259.7229225265955,0.09,0.2,1.0,10,0.011375,0.005033802988236105,29,910.0,16,0.4,24,1.0,0.05,1000,80,2,10,500,-500,sweep_80bees_10plants_r7,2025-12-17T10:49:03.904885
2217.475679221129,0.37500000000000006,0.1125,0.8,8,0.0078125,0.0035231502528785697,21,625.0,9,0.4,24,1.0,0.05,1000,80,2,10,500,-500,sweep_80bees_10plants_r8,2025-12-17T10:49:05.892213
2394.1310195306437,0.185,0.1875,0.9,9,0.0101875,0.004255197362589289,27,815.0,15,0.4,24,1.0,0.05,1000,80,2,10,500,-500,sweep_80bees_10plants_r9,2025-12-17T10:49:07.738255
2059.2634868250343,0.192,0.525,0.92,23,0.02525,0.012261665474839437,71,2020.0,42,0.4,24,1.0,0.05,1000,80,2,25,500,-500,sweep_80bees_25plants_r0,2025-12-17T10:52:36.822522
2106.091428772869,0.45,0.3125,0.76,19,0.0171875,0.00816085178695895,46,1375.0,25,0.4,24,1.0,0.05,1000,80,2,25,500,-500,sweep_80bees_25plants_r1,2025-12-17T10:52:40.882838
2262.4538707414954,0.384,0.3625,0.72,18,0.01925,0.008508460768612716,54,1540.0,29,0.4,24,1.0,0.05,1000,80,2,25,500,-500,sweep_80bees_25plants_r2,2025-12-17T10:52:44.729975
2234.1699955606673,0.34,0.425,0.76,19,0.020625,0.00923161623376118,55,1650.0,34,0.4,24,1.0,0.05,1000,80,2,25,500,-500,sweep_80bees_25plants_r3,2025-12-17T10:52:48.479435
2172.4954116382933,0.18,0.525,0.92,23,0.025625,0.011795191770129455,70,2050.0,42,0.4,24,1.0,0.05,1000,80,2,25,500,-500,sweep_80bees_25plants_r4,2025-12-17T10:52:51.839229
2126.8546150892444,0.22399999999999998,0.55,0.96,24,0.02425,0.011401813658514903,70,1940.0,44,0.4,24,1.0,0.05,1000,80,2,25,500,-500,sweep_80bees_25plants_r5,2025-12-17T10:52:55.229387
2200.72693413789,0.19,0.55,0.88,22,0.0253125,0.011501881313556006,69,2025.0,44,0.4,24,1.0,0.05,1000,80,2,25,500,-500,sweep_80bees_25plants_r6,2025-12-17T10:52:58.637887
2081.9836838613505,0.156,0.55,0.96,24,0.026375,0.012668206866580056,74,2110.0,44,0.4,24,1.0,0.05,1000,80,2,25,500,-500,sweep_80bees_25plants_r7,2025-12-17T10:53:02.018760
2212.1333236174933,0.38799999999999996,0.375,0.68,17,0.019125,0.008645500610571228,52,1530.0,30,0.4,24,1.0,0.05,1000,80,2,25,500,-500,sweep_80bees_25plants_r8,2025-12-17T10:53:05.815038
2045.816667815546,0.28600000000000003,0.45,0.76,19,0.0223125,0.01090640249002592,61,1785.0,36,0.4,24,1.0,0.05,1000,80,2,25,500,-500,sweep_80bees_25plants_r9,2025-12-17T10:53:09.454096
2114.23201148631,0.371,0.7875,0.74,37,0.0393125,0.01859422229273845,109,3145.0,63,0.4,24,1.0,0.05,1000,80,2,50,500,-500,sweep_80bees_50plants_r0,2025-12-17T10:59:33.443327
2094.2790430124796,0.42599999999999993,0.775,0.66,33,0.035875,0.017129999996751254,105,2870.0,62,0.4,24,1.0,0.05,1000,80,2,50,500,-500,sweep_80bees_50plants_r1,2025-12-17T10:59:39.671614
2071.584604802289,0.381,0.875,0.7,35,0.0386875,0.018675317392452005,112,3095.0,70,0.4,24,1.0,0.05,1000,80,2,50,500,-500,sweep_80bees_50plants_r2,2025-12-17T10:59:45.625249
1967.0661708931125,0.401,0.9,0.74,37,0.0374375,0.019032150801008462,107,2995.0,72,0.4,24,1.0,0.05,1000,80,2,50,500,-500,sweep_80bees_50plants_r3,2025-12-17T10:59:51.716761
2231.506182384516,0.588,0.5,0.58,29,0.02575,0.01153929135543975,71,2060.0,40,0.4,24,1.0,0.05,1000,80,2,50,500,-500,sweep_80bees_50plants_r4,2025-12-17T10:59:58.835305
2062.955701711843,0.482,0.625,0.64,32,0.032375,0.015693502275950563,88,2590.0,50,0.4,24,1.0,0.05,1000,80,2,50,500,-500,sweep_80bees_50plants_r5,2025-12-17T11:00:05.402000
1917.5694251501086,0.41200000000000003,0.8875,0.68,34,0.03675,0.019164886297205738,107,2940.0,71,0.4,24,1.0,0.05,1000,80,2,50,500,-500,sweep_80bees_50plants_r6,2025-12-17T11:00:11.702290
2036.0895449552313,0.5519999999999999,0.475,0.58,29,0.028,0.013751850977956694,76,2240.0,38,0.4,24,1.0,0.05,1000,80,2,50,500,-500,sweep_80bees_50plants_r7,2025-12-17T11:00:18.526622
1928.5950303077266,0.379,0.9375,0.78,39,0.0388125,0.020124753714525066,111,3105.0,75,0.4,24,1.0,0.05,1000,80,2,50,500,-500,sweep_80bees_50plants_r8,2025-12-17T11:00:24.916606
1974.2641664067626,0.263,1.075,0.84,42,0.0460625,0.02333147751135834,131,3685.0,86,0.4,24,1.0,0.05,1000,80,2,50,500,-500,sweep_80bees_50plants_r9,2025-12-17T11:00:30.574544
1926.830007613757,0.46866666666666656,1.1375,0.7066666666666667,53,0.0498125,0.02585204704263936,141,3985.0,91,0.4,24,1.0,0.05,1000,80,2,75,500,-500,sweep_80bees_75plants_r0,2025-12-17T11:10:52.616363
1905.4123607186425,0.5066666666666666,1.0875,0.5866666666666667,44,0.04625,0.024272961041648968,131,3700.0,87,0.4,24,1.0,0.05,1000,80,2,75,500,-500,sweep_80bees_75plants_r1,2025-12-17T11:11:01.559759
1946.892682092528,0.5853333333333333,0.8875,0.52,39,0.038875,0.019967715918587252,110,3110.0,71,0.4,24,1.0,0.05,1000,80,2,75,500,-500,sweep_80bees_75plants_r2,2025-12-17T11:11:10.936504
1949.6838753016207,0.5813333333333334,0.9375,0.49333333333333335,37,0.03925,0.02013146874588986,116,3140.0,75,0.4,24,1.0,0.05,1000,80,2,75,500,-500,sweep_80bees_75plants_r3,2025-12-17T11:11:20.711163
1917.036304533358,0.3813333333333333,1.35,0.7333333333333333,55,0.058,0.03025503474443499,169,4640.0,108,0.4,24,1.0,0.05,1000,80,2,75,500,-500,sweep_80bees_75plants_r4,2025-12-17T11:11:28.771479
2385.1526938560373,0.63,0.7125,0.44,33,0.0346875,0.014543094070812416,97,2775.0,57,0.4,24,1.0,0.05,1000,80,2,75,500,-500,sweep_80bees_75plants_r5,2025-12-17T11:11:39.042694
1993.1853440732448,0.5473333333333333,0.9125,0.5333333333333333,40,0.0424375,0.021291296429701484,123,3395.0,73,0.4,24,1.0,0.05,1000,80,2,75,500,-500,sweep_80bees_75plants_r6,2025-12-17T11:11:48.269467
1980.8708641719918,0.6386666666666666,0.7375,0.44,33,0.033875,0.017101064290811215,97,2710.0,59,0.4,24,1.0,0.05,1000,80,2,75,500,-500,sweep_80bees_75plants_r7,2025-12-17T11:11:58.657425
1991.2918690929607,0.592,0.875,0.5066666666666667,38,0.03825,0.019208635656923052,109,3060.0,70,0.4,24,1.0,0.05,1000,80,2,75,500,-500,sweep_80bees_75plants_r8,2025-12-17T11:12:08.434798
2011.0118721032195,0.5973333333333333,0.8625,0.4666666666666667,35,0.03775,0.018771644525658177,109,3020.0,69,0.4,24,1.0,0.05,1000,80,2,75,500,-500,sweep_80bees_75plants_r9,2025-12-17T11:12:18.192072
